Lintang,Bujur,Kelas
-11.65,117.61,3
-0.33,123.73,5
-1.4,120.47,1
-9.42,117.9,1
1.42,122.04,1
-6.11,130.34,3
-3.24,128.84,2
-0.24,123.07,1
2.31,97.06,1
0.19,121.95,1
-6.46,101.7,4
-4.41,102.14,4
-0.23,122.94,1
0.59,122.34,1
-0.72,131.12,1
-0.28,125.35,3
-3.51,119.1,1
-6.9,106.83,1
-9.48,118.11,1
-7.66,119.28,2
-9.82,124.25,1
-7.96,116.84,4
-8.49,121.3,4
0.27,121.83,1
1.01,132.52,1
-8.3,123.53,1
-0.2,125.41,1
-0.01,122.55,1
-9.62,115.48,1
-7.31,128.29,3
-8.29,119.99,2
4.56,124.45,2
-9.98,124.96,1
0.29,122.48,1
1.4,99.7,3
-9.32,122.43,1
3.72,126.58,2
-6.52,129.86,3
-8.74,118.35,1
-8.68,118.36,1
2.34,98.93,1
-8.29,115.5,1
-2.93,127.78,2
-0.02,123.52,4
0.74,120.3,1
-0.15,123.55,1
-7.02,107.77,1
-7.62,128.39,3
-5.27,104.51,1
-3.02,127.74,1
-11.59,117.64,3
2.88,124.36,2
-7.47,106.66,1
2.36,127.24,2
-9.96,116.59,2
-0.72,131.45,1
-3.22,128.16,1
-8.88,124.0,1
1.45,124.61,2
0.34,121.88,1
-7.36,106.84,1
-8.22,110.61,1
-7.9,119.27,1
-9.39,118.64,1
-8.89,116.87,2
-8.88,116.89,1
4.49,127.0,4
1.15,121.77,1
-9.37,115.32,1
-8.73,110.27,1
-7.84,118.97,1
0.26,122.48,1
3.93,126.64,2
-11.31,117.97,1
-5.69,103.45,3
-2.39,121.06,1
-5.93,104.67,1
-6.35,128.11,2
-10.36,109.91,3
0.38,121.74,1
-0.1,124.58,3
3.73,126.7,3
-3.45,135.46,4
1.16,125.47,2
2.0,121.14,4
-9.51,113.46,2
-9.35,113.5,2
-8.23,120.03,1
-3.02,102.99,3
-2.69,119.16,1
-9.39,117.19,1
0.97,127.12,3
1.58,122.94,1
-2.76,129.51,1
-5.96,102.46,4
-8.79,117.0,1
-8.84,123.01,4
-9.86,124.19,1
-8.79,116.91,2
-1.22,101.02,4
-7.35,120.36,3
3.7,126.69,3
-6.51,130.07,3
-6.65,104.91,1
-9.53,118.04,2
-4.3,126.11,2
-8.65,124.47,1
-0.43,123.09,1
-9.91,118.89,1
-8.39,121.35,1
0.05,97.99,3
-0.19,97.71,2
-9.73,118.58,2
0.11,122.54,1
4.24,126.7,3
0.66,120.61,1
-7.61,119.32,2
-1.2,120.41,3
0.17,119.99,1
-0.88,121.79,1
0.86,121.49,1
-9.21,116.37,1
-10.01,114.1,3
-1.27,119.96,1
-1.26,120.66,1
-0.89,131.15,1
-2.81,128.12,3
-1.09,100.43,2
-0.02,122.93,3
0.0,97.98,1
0.34,123.41,1
-8.8,111.07,2
0.74,127.43,1
-8.95,110.41,2
0.58,122.1,1
0.3,98.59,4
-8.43,107.57,2
0.34,122.77,1
-7.44,129.34,4
3.97,126.72,5
1.16,126.43,1
0.82,127.41,2
1.1,100.08,2
0.77,125.37,5
1.21,122.0,2
-9.3,123.78,1
-9.69,105.77,2
4.35,126.82,2
4.02,126.66,2
4.35,126.99,3
4.03,126.86,3
4.24,126.78,3
4.17,126.72,5
-8.32,119.66,1
-8.07,118.04,1
4.61,126.9,4
-8.12,121.69,3
-9.59,117.34,1
-0.91,131.15,1
-9.9,118.83,1
-4.27,134.24,4
-1.39,120.34,1
-4.61,129.49,2
4.11,126.69,3
-5.71,129.31,3
2.46,96.07,1
0.93,121.83,1
4.25,126.71,3
0.13,122.35,1
-8.61,118.31,1
-0.99,131.19,1
-1.42,120.41,1
4.09,126.6,3
-7.92,117.3,1
-3.51,131.37,1
-3.44,131.35,1
0.1,121.94,1
-1.35,120.4,1
1.81,122.34,1
-6.73,104.86,2
0.1,98.77,1
1.8,96.95,3
-8.24,117.56,1
-3.39,131.25,2
4.28,94.89,4
-8.59,119.03,1
-9.95,124.2,1
0.47,121.64,1
-6.51,104.77,2
0.33,122.78,1
-0.11,132.73,2
-8.99,114.96,1
0.44,121.29,3
-3.29,131.2,3
-8.69,118.35,1
-2.96,118.62,1
-8.46,108.44,2
-0.8,130.99,1
-9.08,121.99,1
-3.4,131.15,1
1.91,123.9,3
-9.58,117.51,2
-3.66,138.37,3
3.24,128.18,3
0.05,122.23,1
0.52,121.17,1
0.86,122.63,1
-7.91,118.75,1
0.9,122.71,1
2.83,126.81,5
-1.28,120.42,1
2.55,95.78,4
1.02,121.05,1
-2.31,128.11,2
-6.88,129.83,4
0.61,122.3,1
0.59,121.87,1
1.87,121.86,1
-0.3,124.84,2
-9.23,114.54,1
1.27,121.34,1
-5.46,103.46,1
-3.87,133.77,3
-2.45,120.96,1
-3.56,131.42,3
-5.79,131.04,3
-10.42,112.26,3
-10.89,112.2,3
-4.2,129.43,2
-7.81,122.2,2
-3.59,119.26,1
-0.5,125.53,3
3.87,127.13,3
-2.76,129.49,2
0.22,125.92,2
0.4,120.66,1
-8.72,118.12,1
-8.71,118.13,1
3.07,126.44,2
-7.81,118.1,1
0.57,122.04,2
-10.01,119.2,2
1.01,123.25,1
-0.71,131.06,1
-2.36,102.3,2
-11.25,115.02,4
-0.38,125.58,3
-9.65,123.06,1
-7.75,106.64,1
-7.04,105.75,2
-10.23,116.41,2
1.36,128.63,3
0.12,125.89,1
-7.49,106.82,1
-0.02,122.14,1
4.29,94.98,3
2.3,126.8,4
-8.28,120.21,2
-10.66,112.22,3
-0.38,123.18,1
-0.01,126.8,1
-10.5,112.29,3
1.78,122.38,1
-8.91,109.11,4
-7.91,117.58,2
-9.59,121.89,2
-8.87,116.91,1
1.36,125.74,1
-0.59,130.83,1
-5.21,130.06,2
-8.48,117.94,2
-1.08,130.84,1
-0.59,131.24,1
-3.31,127.01,1
0.91,125.47,1
-8.62,118.14,1
-0.93,130.57,1
-0.15,130.39,1
-3.36,127.0,1
-7.9,117.47,3
-0.76,131.46,1
-3.35,135.4,2
1.18,98.91,3
1.3,121.38,1
-3.33,99.48,3
-9.72,121.58,4
-4.98,127.05,3
-4.23,129.62,2
1.22,121.74,1
-0.47,131.84,2
-2.42,121.3,1
-7.52,128.66,4
-4.43,129.78,3
-7.25,106.8,2
-8.85,118.94,2
3.92,126.6,3
1.18,121.76,1
-8.64,118.33,3
0.93,121.16,1
-9.1,117.68,2
-3.28,131.03,2
0.5,122.33,3
-0.26,122.78,1
1.47,122.2,2
3.23,98.3,3
1.7,126.13,3
0.6,122.32,1
-0.98,131.06,1
0.01,126.98,2
-0.04,122.98,1
1.84,126.46,3
1.76,98.27,1
-9.38,114.14,2
-0.24,99.45,1
-5.51,129.31,4
1.05,124.08,1
-0.11,123.11,1
0.5,98.1,3
-3.34,131.22,3
-8.48,123.82,1
-3.49,134.4,2
0.97,121.99,1
-3.59,127.82,1
-0.11,122.84,1
2.69,128.47,3
-10.13,122.88,4
-6.61,129.46,4
-8.62,116.28,1
0.78,121.26,1
2.55,98.98,2
-0.61,131.45,1
-0.48,124.11,1
-9.91,121.74,1
-0.48,125.15,1
-1.81,129.94,1
-2.56,126.86,3
0.07,123.41,1
-7.84,128.67,4
-0.44,125.29,2
-3.66,101.67,2
-5.06,102.96,4
1.86,98.57,1
-7.73,123.97,1
-1.29,120.48,1
-8.32,109.03,1
-9.09,111.88,2
5.33,94.38,4
-0.28,122.95,1
-7.85,107.3,2
3.6,126.81,2
0.09,132.35,1
-8.35,119.58,1
-0.32,126.91,1
-0.67,127.92,1
0.36,122.03,1
-0.43,119.28,1
-9.68,115.97,1
-8.6,124.83,1
-4.17,123.36,3
-6.21,130.61,2
-0.13,123.02,1
0.46,122.46,1
-9.43,117.74,1
-9.38,117.78,1
-3.72,101.52,3
-0.08,123.02,1
-0.31,122.84,1
1.48,126.59,2
-10.47,118.62,3
-0.6,123.98,2
-7.18,129.71,3
-0.05,123.36,1
-8.17,108.1,1
-8.82,123.96,1
-6.44,103.24,3
-0.56,122.95,1
0.65,122.21,1
1.6,126.0,4
-8.48,111.51,1
1.34,121.57,1
2.52,128.07,3
-8.88,117.02,1
-0.22,133.14,1
0.51,123.64,5
-4.81,102.61,3
0.36,121.16,1
-3.0,127.98,3
-4.89,102.79,2
-9.36,114.82,1
-4.85,131.31,2
-0.32,122.95,1
-8.83,122.0,1
-3.01,128.04,1
0.23,97.52,1
-9.6,107.44,4
-8.94,124.1,2
1.41,99.44,1
-8.78,123.18,2
-2.87,135.65,3
-5.72,110.38,4
-11.01,116.17,2
0.53,99.32,1
0.17,125.88,1
-9.28,123.64,1
1.67,120.97,1
-0.04,123.25,1
-3.26,104.14,4
0.25,97.36,1
0.22,125.94,1
-0.35,123.15,1
0.68,121.59,1
-0.89,130.89,1
-1.25,98.88,1
-7.41,107.72,1
-6.0,106.3,1
0.28,121.51,1
-9.33,124.29,1
-7.86,105.93,1
-0.27,121.98,1
-2.75,127.83,1
-3.47,126.7,3
-9.41,107.32,2
-1.29,120.66,1
-9.21,119.06,2
0.25,129.57,2
2.38,98.96,2
-9.73,122.54,2
-9.75,124.44,2
-7.66,106.72,1
0.06,125.85,2
4.43,96.53,2
-9.65,122.99,2
-8.98,117.86,1
-9.3,117.48,1
-8.92,124.02,1
-8.77,120.45,2
-8.27,115.46,1
-2.18,119.03,4
-3.17,127.21,3
-0.45,119.82,3
-8.72,119.2,3
1.2,121.41,2
-10.26,124.72,1
5.0,94.3,4
-7.19,129.54,4
-9.06,124.37,1
1.96,98.92,1
-5.66,105.24,2
-3.17,129.53,2
-3.86,127.67,1
-4.41,138.42,4
-0.82,120.33,2
-0.96,122.82,1
0.58,98.19,2
-7.01,127.07,4
2.16,121.0,3
-8.66,118.36,1
-8.18,119.98,2
-0.12,122.95,1
-6.32,130.28,4
-0.23,122.47,1
-9.81,119.46,2
4.0,126.73,4
-6.35,101.93,3
-3.65,101.3,2
-7.94,117.59,1
-3.88,131.75,2
0.76,126.49,3
-5.29,120.9,1
1.68,123.02,1
-0.08,97.9,1
0.43,124.43,1
-6.41,132.72,5
-9.32,110.48,1
-7.29,106.6,1
-2.26,131.69,1
-8.51,108.82,1
0.29,122.12,1
-0.1,121.59,1
1.59,126.32,4
0.15,124.04,1
0.88,122.54,1
-0.57,131.27,1
0.86,121.81,1
0.11,121.8,1
-7.71,106.84,1
-11.08,118.52,2
-0.8,124.07,1
-2.46,131.87,1
-0.53,119.71,1
-2.62,129.4,1
0.16,123.81,2
-7.58,106.74,1
-1.33,99.19,1
1.99,121.55,1
-8.09,123.98,1
1.35,97.06,3
1.97,126.79,2
1.78,126.41,1
-1.32,120.46,1
-0.1,123.25,1
-7.82,108.04,1
0.9,126.55,2
-0.11,121.98,1
-0.05,122.11,1
-0.33,122.99,1
-10.52,116.36,1
1.09,126.9,2
1.13,122.71,1
-7.27,129.45,3
-9.57,124.84,1
-11.16,118.2,2
-3.55,129.9,2
-8.58,121.94,1
2.29,128.42,3
-6.59,128.5,4
-4.51,128.17,2
0.29,121.33,1
-7.32,129.48,3
-8.71,118.8,1
0.45,121.59,1
-8.16,116.74,1
0.49,122.37,1
1.15,98.93,1
-7.84,128.08,4
-7.38,107.19,2
-11.3,116.31,2
3.87,125.88,2
-0.08,129.83,1
-3.14,130.52,1
-0.03,125.74,1
-0.23,133.24,3
-7.97,106.58,2
-7.75,107.03,1
-2.19,118.56,1
0.33,120.66,3
-1.63,100.68,1
0.72,122.26,1
-4.6,104.05,3
-9.05,111.51,2
-7.5,128.56,2
-2.92,129.88,2
-4.05,130.33,3
-7.41,127.94,4
-0.67,131.45,1
-1.36,120.58,1
-1.3,120.54,2
-9.42,120.22,3
-8.67,119.43,2
-9.11,110.03,4
-3.33,131.17,3
-7.13,106.04,5
-7.26,106.26,3
-7.16,106.09,3
-7.13,106.12,2
-7.07,106.21,1
-7.21,106.08,3
-7.16,106.01,3
-7.11,106.07,2
-7.26,105.98,1
-7.06,105.95,1
-7.2,106.18,1
-7.23,106.01,1
-7.21,106.2,1
-7.13,106.14,2
-7.06,106.14,1
-7.19,105.98,2
-7.2,106.11,4
-7.22,106.12,3
-7.14,106.19,1
-7.17,106.13,1
-7.15,106.08,1
-7.19,106.08,1
-7.23,106.09,3
-7.09,106.17,1
-7.24,106.09,3
0.52,119.54,1
-7.25,106.12,1
-7.27,106.09,2
-8.97,111.16,3
-9.54,117.75,2
-1.88,129.05,1
-7.21,106.12,3
-7.22,106.05,2
-7.13,106.15,1
-7.21,106.08,3
-7.16,106.05,2
-8.22,118.26,1
-7.15,106.15,1
0.44,121.23,1
2.73,125.73,2
-7.14,106.08,1
0.36,122.03,1
-7.24,106.24,1
-8.07,107.47,1
1.85,126.69,1
-8.62,117.14,1
-9.13,118.59,2
-9.38,115.13,1
-7.17,106.15,1
1.43,124.66,1
-8.27,117.73,1
-7.22,106.11,3
-3.2,130.59,5
-7.2,106.16,1
-3.15,130.67,1
-3.17,130.56,1
-3.71,130.16,1
-7.11,106.26,1
-3.16,130.56,1
-3.12,130.55,1
-10.0,123.43,1
-8.95,118.43,1
-3.35,130.54,1
-7.08,105.97,1
-3.11,130.25,1
-7.16,106.1,2
-7.03,106.13,1
-7.21,106.05,2
-0.46,119.89,1
-7.18,106.04,2
-7.25,106.01,1
-4.71,102.73,5
-7.23,105.98,3
0.49,97.94,1
-7.21,105.99,4
2.54,95.46,5
1.61,127.24,3
-7.16,106.01,1
-7.23,106.08,3
-11.27,117.55,2
-0.99,121.24,1
-1.19,127.07,1
-7.13,106.12,1
-7.57,105.52,1
-9.38,107.2,3
3.98,95.07,2
1.77,126.51,3
-4.43,102.17,2
-8.21,123.23,2
-1.27,130.94,1
-6.56,106.55,1
-0.11,125.26,2
-3.33,131.2,3
1.59,121.41,1
-2.01,123.92,4
-8.96,124.25,1
-1.09,128.6,2
-7.09,106.2,1
0.75,100.05,1
-0.42,132.19,2
-2.1,126.18,2
-0.26,123.03,1
-0.2,132.17,1
1.46,122.17,1
-2.8,128.06,2
0.66,121.2,1
-7.11,106.08,1
-0.04,123.16,1
-0.23,122.93,2
-4.2,129.31,2
-3.14,130.58,2
-1.37,120.57,3
-1.19,119.87,2
-1.48,119.96,1
-7.19,106.05,5
0.32,97.99,1
-3.12,130.52,2
-2.9,130.2,1
-7.19,106.04,5
-9.52,110.14,2
-1.13,126.86,5
-4.32,134.17,4
-7.37,106.9,1
-1.07,126.8,1
-7.25,105.9,2
-1.23,126.98,1
-7.28,106.15,1
-3.1,130.51,2
-8.17,118.83,2
-4.75,102.62,2
0.39,124.45,2
-1.17,126.79,2
-8.01,106.96,1
-3.1,130.55,1
-7.13,106.06,2
-6.41,130.54,4
0.64,119.94,2
3.09,97.37,1
-7.63,108.99,2
-0.74,124.34,2
-8.59,118.76,4
-1.28,120.77,2
3.7,96.38,4
-9.95,119.2,3
0.76,122.65,1
-9.91,119.25,3
0.67,97.26,1
0.44,122.01,1
0.59,123.68,1
-7.86,106.16,1
-8.77,123.25,1
-7.01,106.2,1
-1.81,99.68,2
-3.18,119.68,1
-3.2,130.55,2
-3.17,130.53,2
-6.01,105.47,1
-5.6,131.06,4
0.73,121.48,1
-6.66,105.32,4
-9.55,118.8,2
-3.14,130.54,2
-0.16,123.23,1
-9.85,124.52,1
-0.13,123.4,1
-3.09,130.55,2
0.41,122.09,1
0.05,131.86,2
-2.48,121.37,2
-2.78,139.52,5
0.28,121.62,1
3.09,128.85,4
-7.69,112.59,1
-6.54,105.34,3
-7.09,106.1,1
-2.49,121.28,1
-7.15,106.06,1
-4.22,102.45,3
0.54,98.56,3
-8.81,116.03,1
-7.2,106.23,1
-7.94,107.0,2
-8.18,108.35,1
-6.01,130.62,3
-1.53,105.55,2
-6.45,104.59,3
-7.45,128.64,4
-8.23,118.66,3
-6.99,129.9,3
-9.36,114.16,1
0.49,123.63,1
-11.59,122.33,3
0.4,125.25,1
0.61,122.01,1
-5.78,103.65,3
-1.39,120.69,1
-9.46,112.83,1
-7.57,128.17,3
-1.45,99.74,1
-6.91,130.18,4
-0.83,131.25,1
-0.34,100.48,1
1.1,98.76,1
1.54,100.97,2
-1.75,100.43,1
-0.17,122.86,1
2.06,96.5,1
-7.9,118.78,4
-7.9,118.81,5
-7.88,118.74,2
2.34,98.83,1
-8.54,114.0,1
-8.27,119.49,2
0.4,125.27,2
-9.59,116.35,2
-1.89,100.7,3
-9.33,113.89,2
-3.17,130.55,1
-8.2,117.64,3
-1.03,121.2,1
-4.64,125.43,3
-4.61,125.38,3
0.19,97.59,1
-0.31,125.35,3
-1.29,120.49,2
-3.22,130.52,1
-7.8,106.46,3
3.39,126.01,2
-0.19,124.61,1
-8.29,116.73,3
-6.53,128.63,4
-0.16,125.2,5
-0.24,125.21,2
0.86,126.36,2
-5.25,133.96,5
-7.95,115.84,4
-8.99,123.38,2
-6.27,130.44,4
0.08,124.4,1
-0.84,131.06,1
-9.62,117.38,2
0.99,126.12,2
-2.28,125.92,1
-8.09,106.03,1
-7.63,128.44,3
-2.66,127.2,1
-8.36,115.97,1
1.04,118.86,1
-0.43,122.97,1
-1.22,126.97,2
5.32,96.18,2
-1.58,130.73,1
-10.26,117.51,2
-9.35,114.01,1
-0.65,131.16,1
-1.31,120.54,2
-7.6,128.71,4
-2.71,127.82,1
-11.34,117.59,2
-7.07,106.46,1
0.33,120.65,1
-7.59,121.21,2
-3.14,99.33,2
-6.92,129.63,4
-6.17,119.67,4
-2.71,128.92,2
-9.31,112.86,1
-0.51,124.49,2
1.22,126.13,2
-7.69,127.78,4
-6.37,130.49,4
2.13,96.38,2
-0.05,99.26,1
0.58,121.75,1
-0.8,131.04,1
1.02,126.34,1
-9.26,124.8,1
-7.19,106.19,1
-7.26,105.95,4
1.23,98.97,3
1.08,97.55,1
-1.27,99.68,4
-0.75,131.26,1
-0.24,122.54,1
-1.77,130.49,1
-7.87,107.36,1
-8.47,117.31,1
-7.71,127.69,3
1.86,122.35,1
-6.29,103.59,2
-7.81,120.49,1
-4.19,133.65,3
-2.01,126.77,2
-8.3,123.1,2
-8.87,112.58,1
0.82,122.74,1
-7.99,108.61,1
-0.95,130.62,1
1.5,98.93,1
-3.95,102.44,1
-0.74,131.18,1
-7.16,107.33,1
-0.4,123.01,1
-10.77,112.19,2
-8.89,118.86,1
-8.66,109.94,1
-0.6,122.49,2
-8.45,108.43,1
1.85,121.96,1
-0.77,99.47,1
-7.8,118.81,1
0.74,97.74,1
1.6,127.27,2
0.84,121.59,1
1.01,120.47,1
-1.05,100.17,1
2.15,97.88,1
-9.14,122.11,1
-9.09,122.49,5
0.68,124.26,1
-2.27,126.83,1
-6.06,122.75,2
-4.25,102.41,3
-2.17,101.76,2
-3.98,130.08,2
-5.19,129.98,3
-8.1,123.99,1
-7.29,106.88,1
-7.12,106.15,1
1.1,99.01,2
-8.43,119.58,1
-9.03,124.01,1
-4.91,103.04,2
-5.81,103.77,1
-5.26,106.07,3
1.29,121.37,1
3.4,96.08,2
0.95,121.39,1
-6.12,119.76,1
-7.22,107.72,1
-3.81,129.61,1
0.84,122.52,1
-11.36,118.59,2
-8.5,118.86,1
-1.17,126.86,2
0.13,122.22,3
-7.55,128.46,4
2.97,127.46,3
-2.97,119.61,1
-2.65,119.35,1
-6.44,105.79,1
-4.01,118.93,2
-7.47,128.48,4
-9.42,120.25,1
0.59,126.14,3
4.5,95.14,3
1.45,123.06,2
1.89,126.67,3
1.03,121.9,1
-8.14,106.86,1
-11.47,114.24,2
-8.66,117.9,1
-8.67,117.93,1
-0.6,122.41,1
0.69,122.2,1
0.47,126.59,1
-0.68,131.49,1
-0.21,125.64,1
-0.23,125.63,2
-2.8,102.32,2
0.74,98.39,1
-5.27,104.59,1
-1.34,120.45,2
-1.04,100.54,1
-7.81,119.01,1
-6.26,130.58,3
0.65,121.74,1
-8.68,116.93,4
-0.57,131.26,2
-7.44,128.19,3
1.46,126.95,4
-10.22,118.76,4
-8.14,120.06,2
-7.59,106.68,2
-3.11,127.5,3
-9.94,118.76,1
-9.26,113.71,2
-8.88,112.5,1
-8.6,118.25,1
4.68,96.23,5
-9.21,119.01,2
-0.77,98.55,2
-8.31,110.33,1
-1.01,99.78,1
-9.98,118.84,2
-2.32,121.48,1
-0.25,124.55,1
-3.25,127.95,1
-5.79,105.57,1
0.78,126.33,2
-8.43,117.87,1
-10.1,118.88,1
-8.63,123.36,2
-6.27,103.77,1
-8.79,124.01,1
-8.45,105.24,2
-10.06,118.8,1
-2.95,127.49,3
1.69,95.34,3
-0.09,123.73,2
-3.03,127.63,2
-7.77,117.2,1
-2.93,100.75,3
-7.75,117.25,3
-3.91,130.44,2
-0.26,123.76,2
-8.93,113.68,3
-2.44,121.41,3
-2.61,126.76,1
-6.04,104.61,2
-0.19,123.43,2
-1.71,99.33,3
-2.89,127.33,2
-9.11,123.85,1
-10.37,124.61,2
-7.57,128.37,2
-8.77,111.81,2
-9.49,124.08,1
-6.82,125.12,3
-2.63,105.01,3
1.24,125.08,1
-1.26,120.76,1
-5.43,103.66,2
-5.98,104.13,2
-7.58,128.23,4
-9.45,122.81,1
-8.1,107.47,1
-10.11,124.46,1
0.84,124.18,1
0.96,126.05,2
-0.98,123.95,1
-6.85,110.48,1
-9.13,117.15,5
-7.47,106.35,2
-2.44,100.44,1
-0.77,131.13,1
-8.92,110.36,2
-0.06,97.36,1
0.93,126.85,3
-1.69,132.61,1
4.46,123.21,3
-7.17,105.96,2
-9.51,124.12,2
-8.73,111.6,2
-8.12,118.54,1
-7.16,106.06,1
-6.76,108.5,4
-0.13,123.0,2
2.13,128.38,5
-10.0,118.81,1
-8.4,116.64,2
-8.3,120.28,2
-2.44,120.96,1
-0.55,121.82,1
-0.14,123.33,3
-5.08,102.38,1
-9.61,118.26,1
-8.91,114.59,1
-0.56,121.89,1
-9.62,113.9,1
1.52,126.56,2
2.87,126.61,3
-2.64,126.04,2
-8.5,108.66,1
-8.3,117.97,1
-8.41,119.7,4
-9.13,107.55,1
0.02,122.03,1
-4.48,130.96,3
-2.32,101.21,2
-9.95,107.12,2
-7.03,106.17,1
2.89,97.51,1
-3.53,127.38,2
-9.51,115.12,1
-9.29,106.8,3
-2.14,100.62,4
-8.26,117.96,2
-0.08,125.03,2
-5.99,102.61,4
1.23,121.4,1
-0.53,121.85,1
4.7,96.3,1
-0.09,123.19,1
-9.12,110.31,3
0.63,125.12,1
-2.85,121.56,1
0.46,122.08,1
-4.86,101.05,3
0.54,126.45,1
-0.68,131.12,1
-9.06,113.73,1
-7.23,108.42,1
-5.33,102.64,1
-0.05,123.39,1
-3.2,131.2,1
-0.12,122.97,1
2.98,124.43,3
-8.95,117.22,1
-9.48,126.29,4
-9.74,116.89,2
3.0,125.76,4
-9.01,112.83,2
0.45,126.22,1
1.11,120.39,1
1.79,127.19,4
-7.38,123.37,3
0.63,123.86,3
-0.76,99.45,2
4.22,126.85,4
-9.38,118.1,2
-2.79,120.93,1
-6.28,130.45,4
-1.77,121.12,1
-9.03,122.48,1
2.52,126.9,3
-9.65,119.73,1
-7.63,128.33,3
-6.12,105.68,4
-8.34,108.12,2
-6.02,133.72,5
0.28,96.82,2
-0.12,97.31,4
-7.18,106.88,2
-9.05,119.03,1
4.76,96.17,1
-8.86,119.02,1
-0.08,123.58,1
-9.57,119.47,1
-7.28,123.46,3
-7.52,128.14,4
-8.27,114.84,1
-8.37,122.8,1
-10.18,105.17,2
0.36,126.53,2
-6.34,103.67,2
1.83,124.44,1
-7.25,106.06,2
-4.8,102.91,2
3.71,96.59,4
-1.3,120.55,4
-8.62,125.43,3
-1.29,120.46,4
-1.76,100.44,2
-7.05,106.48,2
-9.99,119.27,2
-9.39,114.86,1
0.83,121.34,1
0.37,122.07,1
1.77,122.34,2
-5.11,102.88,4
-9.71,118.68,1
-0.64,131.21,1
-7.81,105.93,2
-9.3,115.43,4
-6.78,128.08,4
-7.29,106.25,1
-7.76,106.0,3
-7.72,105.95,4
-7.55,106.14,1
-3.33,128.56,2
-4.04,129.53,5
-0.52,123.65,1
-5.56,131.05,3
-7.72,106.32,2
-3.32,128.57,2
-4.04,129.5,4
-7.84,106.48,5
-7.52,106.02,1
-4.1,103.1,2
-7.76,105.88,4
-7.75,105.93,2
-8.77,118.75,2
-9.83,119.44,3
0.48,121.66,1
-5.36,119.77,1
-8.92,117.71,2
-0.26,121.95,1
-9.63,117.7,4
-7.66,128.08,4
0.42,121.64,2
3.43,126.84,4
-0.58,133.82,4
1.18,121.0,1
-1.28,120.47,2
4.13,95.54,2
-1.29,120.58,2
-6.01,105.46,2
-5.98,105.45,1
-4.54,102.61,2
-6.23,133.22,3
-8.89,111.48,2
-9.15,111.73,1
0.33,123.38,1
-8.97,110.95,4
-5.89,102.87,4
-2.27,122.45,3
-7.22,105.85,3
-7.25,107.71,1
-6.42,130.91,4
-6.19,127.25,4
-0.46,124.06,2
0.63,122.19,3
-3.46,101.72,2
-9.07,118.38,2
-7.57,106.72,3
-4.91,130.49,5
-6.03,100.89,5
-6.87,105.44,3
0.3,122.34,3
-9.49,117.29,3
-8.45,119.75,3
-7.17,106.06,1
-0.27,122.95,3
-8.36,111.43,2
-7.04,107.01,1
-8.91,110.95,2
-7.81,106.04,1
-3.94,129.54,1
-9.49,111.91,2
-7.85,107.83,1
-3.78,101.69,1
-7.86,107.04,1
3.17,98.32,2
-6.86,108.01,1
-7.96,117.36,2
-9.12,116.32,1
0.02,122.34,1
-7.99,123.7,2
-0.34,122.98,1
-4.75,132.39,5
3.18,128.1,4
-7.16,106.1,2
2.25,128.37,3
1.77,124.3,1
-8.36,118.62,2
4.48,127.02,3
-1.85,100.4,3
-8.26,118.83,1
-3.1,130.55,2
-9.22,119.71,2
-0.12,123.77,2
-7.52,127.81,3
-7.89,106.5,2
0.81,99.95,4
2.58,133.04,4
2.7,133.22,4
-9.01,115.67,2
-8.95,112.75,2
-8.34,124.72,1
-0.02,122.82,1
-4.5,103.75,2
1.48,124.39,5
-8.29,125.01,1
-8.41,124.51,1
-1.32,127.18,1
1.16,99.49,1
-5.66,103.4,2
-8.64,108.1,1
1.37,126.25,1
2.07,126.47,1
-3.21,127.38,1
-0.28,123.05,4
-5.45,103.72,1
-8.06,106.75,1
-7.15,125.36,3
1.0,98.77,4
-7.84,112.55,1
-0.71,127.2,5
-1.29,130.86,1
-10.49,120.35,3
-10.52,120.4,2
-10.5,115.59,4
-5.26,131.66,3
-8.9,116.9,1
-3.61,139.51,3
-0.07,124.2,1
1.12,126.77,2
2.36,98.94,2
-10.2,119.04,1
2.33,98.95,1
-8.23,125.46,2
-0.1,123.2,1
-2.85,120.01,1
-6.77,105.43,2
-8.74,118.96,1
-7.25,129.48,3
-8.53,108.32,1
-6.82,130.16,3
-3.44,129.83,1
-2.51,128.69,2
-8.97,112.79,1
-6.81,129.49,3
-5.43,103.56,4
4.95,95.94,2
4.49,96.27,1
-4.06,130.32,1
-7.63,128.34,4
-8.64,119.69,1
-5.66,103.57,1
-9.32,125.56,1
-0.07,123.46,1
2.61,122.3,2
1.04,121.76,1
-8.81,111.02,1
-7.93,107.88,1
-9.46,117.9,1
-2.86,100.37,4
-9.08,111.23,1
-4.28,126.35,3
-0.05,126.95,3
-8.89,118.11,1
-7.05,105.26,1
-3.17,130.75,5
-3.18,130.77,5
-3.11,130.69,1
-3.2,130.68,2
-8.57,118.44,1
-3.11,130.73,1
-9.16,111.22,3
-9.71,119.93,1
-3.16,130.73,1
-3.0,128.21,1
0.67,122.62,1
-5.01,131.35,4
1.94,126.36,2
0.31,121.79,1
0.73,121.92,1
-8.13,107.67,1
-5.37,129.72,4
0.13,98.01,1
-0.19,122.88,1
-10.49,115.98,1
1.38,126.73,1
-8.7,115.53,2
-8.27,119.0,1
-1.32,120.31,2
-3.05,130.77,3
-8.94,116.13,1
-3.3,130.53,1
-9.82,125.0,1
-8.05,117.26,1
-8.99,112.8,1
0.68,122.42,1
-1.66,130.94,1
1.56,122.31,1
-4.76,139.4,4
-5.41,103.35,2
-8.16,123.27,2
-0.23,100.29,2
0.21,121.75,1
-0.02,122.73,1
1.96,99.03,1
2.38,98.76,4
-7.9,117.8,1
-7.1,113.25,1
-8.39,123.12,1
0.27,122.84,1
-0.58,121.28,1
-3.56,128.38,2
-8.92,116.84,1
-7.76,127.76,3
-6.59,108.56,1
-7.24,129.41,3
-10.1,119.01,1
-1.4,120.48,2
-3.05,86.41,5
2.03,98.91,5
1.94,99.07,1
2.04,99.02,1
1.94,99.29,1
-9.13,119.21,2
0.0,120.51,2
-6.93,130.07,3
0.53,122.19,1
1.26,122.02,1
-0.37,123.06,1
-11.2,109.22,3
-3.57,128.97,3
-3.1,127.48,2
-3.13,130.73,4
-0.3,122.09,1
-3.06,130.59,1
4.77,96.19,1
-3.29,101.62,3
3.15,128.04,3
-3.43,127.59,1
-8.98,112.79,1
-2.77,102.22,3
-1.14,126.86,3
1.02,122.67,1
-9.33,117.9,1
2.05,99.09,1
-9.83,118.65,1
-7.94,107.09,1
2.06,98.96,1
-6.64,129.92,4
-7.39,107.08,1
2.02,99.04,2
2.0,99.07,1
0.27,121.07,1
2.03,98.98,2
1.96,99.2,1
-0.42,99.24,3
-6.79,130.67,3
-9.13,112.73,2
-9.06,112.77,2
2.56,96.02,5
-7.02,129.61,4
-0.05,119.96,1
0.3,122.68,1
-0.68,100.17,2
-7.87,106.28,2
-7.27,129.44,3
0.32,122.15,1
-6.11,103.01,2
-9.05,124.13,1
-10.37,138.31,5
-0.06,121.83,2
-11.05,123.03,3
2.83,128.6,3
-9.51,116.11,1
-7.86,106.54,1
-7.41,106.0,4
0.71,124.68,1
-2.72,126.79,5
-2.76,126.71,2
-2.68,126.62,1
-2.65,126.6,1
-2.71,126.56,1
-9.25,124.98,1
-3.0,126.29,2
-3.75,101.69,1
-9.49,116.08,1
-6.73,106.67,1
-6.43,106.35,1
-2.61,126.74,2
-8.2,115.17,1
1.88,125.63,2
-6.17,105.39,2
-2.71,126.82,4
3.02,128.3,3
-2.71,127.32,1
1.45,121.76,1
-3.11,130.72,1
-7.78,123.94,1
-3.13,130.74,1
2.05,99.01,1
-7.11,106.97,1
-7.2,106.9,1
-7.03,105.17,2
1.73,125.31,1
0.89,122.16,3
0.26,100.26,3
-7.16,106.09,1
-3.27,103.01,1
-3.07,127.99,1
-6.02,128.81,4
-6.85,107.69,1
-3.13,130.75,1
-6.95,129.71,4
-7.33,106.19,1
2.57,127.12,4
1.87,127.09,3
1.91,122.3,3
-7.47,107.21,1
-10.38,119.63,1
0.26,122.43,1
-2.72,126.73,2
-7.13,132.04,4
1.12,121.76,1
-9.33,114.09,1
0.71,122.52,1
-5.39,102.56,1
1.42,122.57,3
1.32,122.49,2
-2.7,126.75,2
-7.58,120.19,1
-1.5,120.18,4
-1.46,119.98,1
-1.46,120.04,3
-3.47,132.62,2
-1.44,119.96,1
-4.8,131.2,4
-11.26,117.73,2
-6.17,129.79,4
-7.4,106.5,1
1.47,120.97,1
-5.1,129.9,3
-9.77,117.93,1
0.0,122.96,1
-7.16,107.46,1
-8.23,115.47,1
-0.41,119.63,2
-8.23,115.53,1
-8.11,119.28,1
-4.19,102.54,1
-0.29,124.45,1
-8.78,122.0,1
-1.03,121.2,1
-4.64,125.43,3
-4.61,125.38,3
0.19,97.59,1
-0.31,125.35,3
-1.29,120.49,2
-3.22,130.52,1
-7.8,106.46,3
3.39,126.01,2
-0.19,124.61,1
-8.29,116.73,3
-6.53,128.63,4
-0.16,125.2,5
-0.24,125.21,2
0.86,126.36,2
-5.25,133.96,5
-7.95,115.84,4
-8.99,123.38,2
-6.27,130.44,4
0.08,124.4,1
-0.84,131.06,1
-9.62,117.38,2
0.99,126.12,2
-2.28,125.92,1
-8.09,106.03,1
-7.63,128.44,3
-2.66,127.2,1
-8.36,115.97,1
1.04,118.86,1
-0.43,122.97,1
-1.22,126.97,2
5.32,96.18,2
-1.58,130.73,1
-10.26,117.51,2
-9.35,114.01,1
-0.65,131.16,1
-1.31,120.54,2
-7.6,128.71,4
-2.71,127.82,1
-11.34,117.59,2
-7.07,106.46,1
0.33,120.65,1
-7.59,121.21,2
-3.14,99.33,2
-6.92,129.63,4
-6.17,119.67,4
-2.71,128.92,2
-9.31,112.86,1
-0.51,124.49,2
1.22,126.13,2
-7.69,127.78,4
-6.37,130.49,4
2.13,96.38,2
-0.05,99.26,1
0.58,121.75,1
-0.8,131.04,1
1.02,126.34,1
-9.26,124.8,1
-7.19,106.19,1
-7.26,105.95,4
1.23,98.97,3
1.08,97.55,1
-1.27,99.68,4
-0.75,131.26,1
-0.24,122.54,1
-1.77,130.49,1
-7.87,107.36,1
-8.47,117.31,1
-7.71,127.69,3
1.86,122.35,1
-6.29,103.59,2
-7.81,120.49,1
-4.19,133.65,3
-2.01,126.77,2
-8.3,123.1,2
-8.87,112.58,1
0.82,122.74,1
-7.99,108.61,1
-0.95,130.62,1
1.5,98.93,1
-3.95,102.44,1
-0.74,131.18,1
-7.16,107.33,1
-0.4,123.01,1
-10.77,112.19,2
-8.89,118.86,1
-8.66,109.94,1
-0.6,122.49,2
-8.45,108.43,1
1.85,121.96,1
-0.77,99.47,1
-7.8,118.81,1
0.74,97.74,1
1.6,127.27,2
0.84,121.59,1
1.01,120.47,1
-1.05,100.17,1
2.15,97.88,1
-9.14,122.11,1
-9.09,122.49,5
0.68,124.26,1
-2.27,126.83,1
-6.06,122.75,2
-4.25,102.41,3
-2.17,101.76,2
-3.98,130.08,2
-5.19,129.98,3
-8.1,123.99,1
-7.29,106.88,1
-7.12,106.15,1
1.1,99.01,2
-8.43,119.58,1
-9.03,124.01,1
-4.91,103.04,2
-5.81,103.77,1
-5.26,106.07,3
1.29,121.37,1
3.4,96.08,2
0.95,121.39,1
-6.12,119.76,1
-7.22,107.72,1
-3.81,129.61,1
0.84,122.52,1
-11.36,118.59,2
-8.5,118.86,1
-1.17,126.86,2
0.13,122.22,3
-7.55,128.46,4
2.97,127.46,3
-2.97,119.61,1
-2.65,119.35,1
-6.44,105.79,1
-4.01,118.93,2
-7.47,128.48,4
-9.42,120.25,1
0.59,126.14,3
4.5,95.14,3
1.45,123.06,2
1.89,126.67,3
1.03,121.9,1
-8.14,106.86,1
-11.47,114.24,2
-8.66,117.9,1
-8.67,117.93,1
-0.6,122.41,1
0.69,122.2,1
0.47,126.59,1
-0.68,131.49,1
-0.21,125.64,1
-0.23,125.63,2
-2.8,102.32,2
0.74,98.39,1
-5.27,104.59,1
-1.34,120.45,2
-1.04,100.54,1
-7.81,119.01,1
-6.26,130.58,3
0.65,121.74,1
-8.68,116.93,4
-0.57,131.26,2
-7.44,128.19,3
1.46,126.95,4
-10.22,118.76,4
-8.14,120.06,2
-7.59,106.68,2
-3.11,127.5,3
-9.94,118.76,1
-9.26,113.71,2
-8.88,112.5,1
-8.6,118.25,1
4.68,96.23,5
-9.21,119.01,2
-0.77,98.55,2
-8.31,110.33,1
-1.01,99.78,1
-9.98,118.84,2
-2.32,121.48,1
-0.25,124.55,1
-3.25,127.95,1
-5.79,105.57,1
0.78,126.33,2
-8.43,117.87,1
-10.1,118.88,1
-8.63,123.36,2
-6.27,103.77,1
-8.79,124.01,1
-8.45,105.24,2
-10.06,118.8,1
-2.95,127.49,3
1.69,95.34,3
-0.09,123.73,2
-3.03,127.63,2
-7.77,117.2,1
-2.93,100.75,3
-7.75,117.25,3
-3.91,130.44,2
-0.26,123.76,2
-8.93,113.68,3
-2.44,121.41,3
-2.61,126.76,1
-6.04,104.61,2
-0.19,123.43,2
-1.71,99.33,3
-2.89,127.33,2
-9.11,123.85,1
-10.37,124.61,2
-7.57,128.37,2
-8.77,111.81,2
-9.49,124.08,1
-6.82,125.12,3
-2.63,105.01,3
1.24,125.08,1
-1.26,120.76,1
-5.43,103.66,2
-5.98,104.13,2
-7.58,128.23,4
-9.45,122.81,1
-8.1,107.47,1
-10.11,124.46,1
0.84,124.18,1
0.96,126.05,2
-0.98,123.95,1
-6.85,110.48,1
-9.13,117.15,5
-7.47,106.35,2
-2.44,100.44,1
-0.77,131.13,1
-8.92,110.36,2
-0.06,97.36,1
0.93,126.85,3
-1.69,132.61,1
4.46,123.21,3
-7.17,105.96,2
-9.51,124.12,2
-8.73,111.6,2
-8.12,118.54,1
-7.16,106.06,1
-6.76,108.5,4
-0.13,123.0,2
2.13,128.38,5
-10.0,118.81,1
-8.4,116.64,2
-8.3,120.28,2
-2.44,120.96,1
-0.55,121.82,1
-0.14,123.33,3
-5.08,102.38,1
-9.61,118.26,1
-8.91,114.59,1
-0.56,121.89,1
-9.62,113.9,1
1.52,126.56,2
2.87,126.61,3
-2.64,126.04,2
-8.5,108.66,1
-8.3,117.97,1
-8.41,119.7,4
-9.13,107.55,1
0.02,122.03,1
-4.48,130.96,3
-2.32,101.21,2
-9.95,107.12,2
-7.03,106.17,1
2.89,97.51,1
-3.53,127.38,2
-9.51,115.12,1
-9.29,106.8,3
-2.14,100.62,4
-8.26,117.96,2
-0.08,125.03,2
-5.99,102.61,4
1.23,121.4,1
-0.53,121.85,1
4.7,96.3,1
-0.09,123.19,1
-9.12,110.31,3
0.63,125.12,1
-2.85,121.56,1
0.46,122.08,1
-4.86,101.05,3
0.54,126.45,1
-0.68,131.12,1
-9.06,113.73,1
-7.23,108.42,1
-5.33,102.64,1
-0.05,123.39,1
-3.2,131.2,1
-0.12,122.97,1
2.98,124.43,3
-8.95,117.22,1
-9.48,126.29,4
-9.74,116.89,2
3.0,125.76,4
-9.01,112.83,2
0.45,126.22,1
1.11,120.39,1
1.79,127.19,4
-7.38,123.37,3
0.63,123.86,3
-0.76,99.45,2
4.22,126.85,4
-9.38,118.1,2
-2.79,120.93,1
-6.28,130.45,4
-1.77,121.12,1
-9.03,122.48,1
2.52,126.9,3
-9.65,119.73,1
-7.63,128.33,3
-6.12,105.68,4
-8.34,108.12,2
-6.02,133.72,5
0.28,96.82,2
-0.12,97.31,4
-7.18,106.88,2
-9.05,119.03,1
4.76,96.17,1
-8.86,119.02,1
-0.08,123.58,1
-9.57,119.47,1
-7.28,123.46,3
-7.52,128.14,4
-8.27,114.84,1
-8.37,122.8,1
-10.18,105.17,2
0.36,126.53,2
-6.34,103.67,2
1.83,124.44,1
-7.25,106.06,2
-4.8,102.91,2
3.71,96.59,4
-1.3,120.55,4
-8.62,125.43,3
-1.29,120.46,4
-1.76,100.44,2
-7.05,106.48,2
-9.99,119.27,2
-9.39,114.86,1
0.83,121.34,1
0.37,122.07,1
1.77,122.34,2
-5.11,102.88,4
-9.71,118.68,1
-0.64,131.21,1
-7.81,105.93,2
-9.3,115.43,4
-6.78,128.08,4
-7.29,106.25,1
-7.76,106.0,3
-7.72,105.95,4
-7.55,106.14,1
-3.33,128.56,2
-4.04,129.53,5
-0.52,123.65,1
-5.56,131.05,3
-7.72,106.32,2
-3.32,128.57,2
-4.04,129.5,4
-7.84,106.48,5
-7.52,106.02,1
-4.1,103.1,2
-7.76,105.88,4
-7.75,105.93,2
-8.77,118.75,2
-9.83,119.44,3
0.48,121.66,1
-5.36,119.77,1
-8.92,117.71,2
-0.26,121.95,1
-9.63,117.7,4
-7.66,128.08,4
0.42,121.64,2
3.43,126.84,4
-0.58,133.82,4
1.18,121.0,1
-1.28,120.47,2
4.13,95.54,2
-1.29,120.58,2
-6.01,105.46,2
-5.98,105.45,1
-4.54,102.61,2
-6.23,133.22,3
-8.89,111.48,2
-9.15,111.73,1
0.33,123.38,1
-8.97,110.95,4
-5.89,102.87,4
-2.27,122.45,3
-7.22,105.85,3
-7.25,107.71,1
-6.42,130.91,4
-6.19,127.25,4
-0.46,124.06,2
0.63,122.19,3
-3.46,101.72,2
-9.07,118.38,2
-7.57,106.72,3
-4.91,130.49,5
-6.03,100.89,5
-6.87,105.44,3
0.3,122.34,3
-9.49,117.29,3
-8.45,119.75,3
-7.17,106.06,1
-0.27,122.95,3
-8.36,111.43,2
-7.04,107.01,1
-8.91,110.95,2
-7.81,106.04,1
-3.94,129.54,1
-9.49,111.91,2
-7.85,107.83,1
-3.78,101.69,1
-7.86,107.04,1
3.17,98.32,2
-6.86,108.01,1
-7.96,117.36,2
-9.12,116.32,1
0.02,122.34,1
-7.99,123.7,2
-0.34,122.98,1
-4.75,132.39,5
3.18,128.1,4
-7.16,106.1,2
2.25,128.37,3
1.77,124.3,1
-8.36,118.62,2
4.48,127.02,3
-1.85,100.4,3
-8.26,118.83,1
-3.1,130.55,2
-9.22,119.71,2
-0.12,123.77,2
-7.52,127.81,3
-7.89,106.5,2
0.81,99.95,4
2.58,133.04,4
2.7,133.22,4
-9.01,115.67,2
-8.95,112.75,2
-8.34,124.72,1
-0.02,122.82,1
-4.5,103.75,2
1.48,124.39,5
-8.29,125.01,1
-8.41,124.51,1
-1.32,127.18,1
1.16,99.49,1
-5.66,103.4,2
-8.64,108.1,1
1.37,126.25,1
2.07,126.47,1
-3.21,127.38,1
-0.28,123.05,4
-5.45,103.72,1
-8.06,106.75,1
-7.15,125.36,3
1.0,98.77,4
-7.84,112.55,1
-0.71,127.2,5
-1.29,130.86,1
-10.49,120.35,3
-10.52,120.4,2
-10.5,115.59,4
-5.26,131.66,3
-8.9,116.9,1
-3.61,139.51,3
-0.07,124.2,1
1.12,126.77,2
2.36,98.94,2
-10.2,119.04,1
2.33,98.95,1
-8.23,125.46,2
-0.1,123.2,1
-2.85,120.01,1
-6.77,105.43,2
-8.74,118.96,1
-7.25,129.48,3
-8.53,108.32,1
-6.82,130.16,3
-3.44,129.83,1
-2.51,128.69,2
-8.97,112.79,1
-6.81,129.49,3
-5.43,103.56,4
4.95,95.94,2
4.49,96.27,1
-4.06,130.32,1
-7.63,128.34,4
-8.64,119.69,1
-5.66,103.57,1
-9.32,125.56,1
-0.07,123.46,1
2.61,122.3,2
1.04,121.76,1
-8.81,111.02,1
-7.93,107.88,1
-9.46,117.9,1
-2.86,100.37,4
-9.08,111.23,1
-4.28,126.35,3
-0.05,126.95,3
-8.89,118.11,1
-7.05,105.26,1
-3.17,130.75,5
-3.18,130.77,5
-3.11,130.69,1
-3.2,130.68,2
-8.57,118.44,1
-3.11,130.73,1
-9.16,111.22,3
-9.71,119.93,1
-3.16,130.73,1
-3.0,128.21,1
0.67,122.62,1
-5.01,131.35,4
1.94,126.36,2
0.31,121.79,1
0.73,121.92,1
-8.13,107.67,1
-5.37,129.72,4
0.13,98.01,1
-0.19,122.88,1
-10.49,115.98,1
1.38,126.73,1
-8.7,115.53,2
-8.27,119.0,1
-1.32,120.31,2
-3.05,130.77,3
-8.94,116.13,1
-3.3,130.53,1
-9.82,125.0,1
-8.05,117.26,1
-8.99,112.8,1
0.68,122.42,1
-1.66,130.94,1
1.56,122.31,1
-4.76,139.4,4
-5.41,103.35,2
-8.16,123.27,2
-0.23,100.29,2
0.21,121.75,1
-0.02,122.73,1
1.96,99.03,1
2.38,98.76,4
-7.9,117.8,1
-7.1,113.25,1
-8.39,123.12,1
0.27,122.84,1
-0.58,121.28,1
-3.56,128.38,2
-8.92,116.84,1
-7.76,127.76,3
-6.59,108.56,1
-7.24,129.41,3
-10.1,119.01,1
-1.4,120.48,2
-3.05,86.41,5
2.03,98.91,5
1.94,99.07,1
2.04,99.02,1
1.94,99.29,1
-9.13,119.21,2
0.0,120.51,2
-6.93,130.07,3
0.53,122.19,1
1.26,122.02,1
-0.37,123.06,1
-11.2,109.22,3
-3.57,128.97,3
-3.1,127.48,2
-3.13,130.73,4
-0.3,122.09,1
-3.06,130.59,1
4.77,96.19,1
-3.29,101.62,3
3.15,128.04,3
-3.43,127.59,1
-8.98,112.79,1
-2.77,102.22,3
-1.14,126.86,3
1.02,122.67,1
-9.33,117.9,1
2.05,99.09,1
-9.83,118.65,1
-7.94,107.09,1
2.06,98.96,1
-6.64,129.92,4
-7.39,107.08,1
2.02,99.04,2
2.0,99.07,1
0.27,121.07,1
2.03,98.98,2
1.96,99.2,1
-0.42,99.24,3
-6.79,130.67,3
-9.13,112.73,2
-9.06,112.77,2
2.56,96.02,5
-7.02,129.61,4
-0.05,119.96,1
0.3,122.68,1
-0.68,100.17,2
-7.87,106.28,2
-7.27,129.44,3
0.32,122.15,1
-6.11,103.01,2
-9.05,124.13,1
-10.37,138.31,5
-0.06,121.83,2
-11.05,123.03,3
2.83,128.6,3
-9.51,116.11,1
-7.86,106.54,1
-7.41,106.0,4
0.71,124.68,1
-2.72,126.79,5
-2.76,126.71,2
-2.68,126.62,1
-2.65,126.6,1
-2.71,126.56,1
-9.25,124.98,1
-3.0,126.29,2
-3.75,101.69,1
-9.49,116.08,1
-6.73,106.67,1
-6.43,106.35,1
-2.61,126.74,2
-8.2,115.17,1
1.88,125.63,2
-6.17,105.39,2
-2.71,126.82,4
3.02,128.3,3
-2.71,127.32,1
1.45,121.76,1
-3.11,130.72,1
-7.78,123.94,1
-3.13,130.74,1
2.05,99.01,1
-7.11,106.97,1
-7.2,106.9,1
-7.03,105.17,2
1.73,125.31,1
0.89,122.16,3
0.26,100.26,3
-7.16,106.09,1
-3.27,103.01,1
-3.07,127.99,1
-6.02,128.81,4
-6.85,107.69,1
-3.13,130.75,1
-6.95,129.71,4
-7.33,106.19,1
2.57,127.12,4
1.87,127.09,3
1.91,122.3,3
-7.47,107.21,1
-10.38,119.63,1
0.26,122.43,1
-2.72,126.73,2
-7.13,132.04,4
1.12,121.76,1
-9.33,114.09,1
0.71,122.52,1
-5.39,102.56,1
1.42,122.57,3
1.32,122.49,2
-2.7,126.75,2
-7.58,120.19,1
-1.5,120.18,4
-1.46,119.98,1
-1.46,120.04,3
-3.47,132.62,2
-1.44,119.96,1
-4.8,131.2,4
-11.26,117.73,2
-6.17,129.79,4
-7.4,106.5,1
1.47,120.97,1
-5.1,129.9,3
-9.77,117.93,1
0.0,122.96,1
-7.16,107.46,1
-8.23,115.47,1
-0.41,119.63,2
-8.23,115.53,1
-8.11,119.28,1
-4.19,102.54,1
-0.29,124.45,1
-8.78,122.0,1
-1.03,121.2,1
-4.64,125.43,3
-4.61,125.38,3
0.19,97.59,1
-0.31,125.35,3
-1.29,120.49,2
-3.22,130.52,1
-7.8,106.46,3
3.39,126.01,2
-0.19,124.61,1
-8.29,116.73,3
-6.53,128.63,4
-0.16,125.2,5
-0.24,125.21,2
0.86,126.36,2
-5.25,133.96,5
-7.95,115.84,4
-8.99,123.38,2
-6.27,130.44,4
0.08,124.4,1
-0.84,131.06,1
-9.62,117.38,2
0.99,126.12,2
-2.28,125.92,1
-8.09,106.03,1
-7.63,128.44,3
-2.66,127.2,1
-8.36,115.97,1
1.04,118.86,1
-0.43,122.97,1
-1.22,126.97,2
5.32,96.18,2
-1.58,130.73,1
-10.26,117.51,2
-9.35,114.01,1
-0.65,131.16,1
-1.31,120.54,2
-7.6,128.71,4
-2.71,127.82,1
-11.34,117.59,2
-7.07,106.46,1
0.33,120.65,1
-7.59,121.21,2
-3.14,99.33,2
-6.92,129.63,4
-6.17,119.67,4
-2.71,128.92,2
-9.31,112.86,1
-0.51,124.49,2
1.22,126.13,2
-7.69,127.78,4
-6.37,130.49,4
2.13,96.38,2
-0.05,99.26,1
0.58,121.75,1
-0.8,131.04,1
1.02,126.34,1
-9.26,124.8,1
-7.19,106.19,1
-7.26,105.95,4
1.23,98.97,3
1.08,97.55,1
-1.27,99.68,4
-0.75,131.26,1
-0.24,122.54,1
-1.77,130.49,1
-7.87,107.36,1
-8.47,117.31,1
-7.71,127.69,3
1.86,122.35,1
-6.29,103.59,2
-7.81,120.49,1
-4.19,133.65,3
-2.01,126.77,2
-8.3,123.1,2
-8.87,112.58,1
0.82,122.74,1
-7.99,108.61,1
-0.95,130.62,1
1.5,98.93,1
-3.95,102.44,1
-0.74,131.18,1
-7.16,107.33,1
-0.4,123.01,1
-10.77,112.19,2
-8.89,118.86,1
-8.66,109.94,1
-0.6,122.49,2
-8.45,108.43,1
1.85,121.96,1
-0.77,99.47,1
-7.8,118.81,1
0.74,97.74,1
1.6,127.27,2
0.84,121.59,1
1.01,120.47,1
-1.05,100.17,1
2.15,97.88,1
-9.14,122.11,1
-9.09,122.49,5
0.68,124.26,1
-2.27,126.83,1
-6.06,122.75,2
-4.25,102.41,3
-2.17,101.76,2
-3.98,130.08,2
-5.19,129.98,3
-8.1,123.99,1
-7.29,106.88,1
-7.12,106.15,1
1.1,99.01,2
-8.43,119.58,1
-9.03,124.01,1
-4.91,103.04,2
-5.81,103.77,1
-5.26,106.07,3
1.29,121.37,1
3.4,96.08,2
0.95,121.39,1
-6.12,119.76,1
-7.22,107.72,1
-3.81,129.61,1
0.84,122.52,1
-11.36,118.59,2
-8.5,118.86,1
-1.17,126.86,2
0.13,122.22,3
-7.55,128.46,4
2.97,127.46,3
-2.97,119.61,1
-2.65,119.35,1
-6.44,105.79,1
-4.01,118.93,2
-7.47,128.48,4
-9.42,120.25,1
0.59,126.14,3
4.5,95.14,3
1.45,123.06,2
1.89,126.67,3
1.03,121.9,1
-8.14,106.86,1
-11.47,114.24,2
-8.66,117.9,1
-8.67,117.93,1
-0.6,122.41,1
0.69,122.2,1
0.47,126.59,1
-0.68,131.49,1
-0.21,125.64,1
-0.23,125.63,2
-2.8,102.32,2
0.74,98.39,1
-5.27,104.59,1
-1.34,120.45,2
-1.04,100.54,1
-7.81,119.01,1
-6.26,130.58,3
0.65,121.74,1
-8.68,116.93,4
-0.57,131.26,2
-7.44,128.19,3
1.46,126.95,4
-10.22,118.76,4
-8.14,120.06,2
-7.59,106.68,2
-3.11,127.5,3
-9.94,118.76,1
-9.26,113.71,2
-8.88,112.5,1
-8.6,118.25,1
4.68,96.23,5
-9.21,119.01,2
-0.77,98.55,2
-8.31,110.33,1
-1.01,99.78,1
-9.98,118.84,2
-2.32,121.48,1
-0.25,124.55,1
-3.25,127.95,1
-5.79,105.57,1
0.78,126.33,2
-8.43,117.87,1
-10.1,118.88,1
-8.63,123.36,2
-6.27,103.77,1
-8.79,124.01,1
-8.45,105.24,2
-10.06,118.8,1
-2.95,127.49,3
1.69,95.34,3
-0.09,123.73,2
-3.03,127.63,2
-7.77,117.2,1
-2.93,100.75,3
-7.75,117.25,3
-3.91,130.44,2
-0.26,123.76,2
-8.93,113.68,3
-2.44,121.41,3
-2.61,126.76,1
-6.04,104.61,2
-0.19,123.43,2
-1.71,99.33,3
-2.89,127.33,2
-9.11,123.85,1
-10.37,124.61,2
-7.57,128.37,2
-8.77,111.81,2
-9.49,124.08,1
-6.82,125.12,3
-2.63,105.01,3
1.24,125.08,1
-1.26,120.76,1
-5.43,103.66,2
-5.98,104.13,2
-7.58,128.23,4
-9.45,122.81,1
-8.1,107.47,1
-10.11,124.46,1
0.84,124.18,1
0.96,126.05,2
-0.98,123.95,1
-6.85,110.48,1
-9.13,117.15,5
-7.47,106.35,2
-2.44,100.44,1
-0.77,131.13,1
-8.92,110.36,2
-0.06,97.36,1
0.93,126.85,3
-1.69,132.61,1
4.46,123.21,3
-7.17,105.96,2
-9.51,124.12,2
-8.73,111.6,2
-8.12,118.54,1
-7.16,106.06,1
-6.76,108.5,4
-0.13,123.0,2
2.13,128.38,5
-10.0,118.81,1
-8.4,116.64,2
-8.3,120.28,2
-2.44,120.96,1
-0.55,121.82,1
-0.14,123.33,3
-5.08,102.38,1
-9.61,118.26,1
-8.91,114.59,1
-0.56,121.89,1
-9.62,113.9,1
1.52,126.56,2
2.87,126.61,3
-2.64,126.04,2
-8.5,108.66,1
-8.3,117.97,1
-8.41,119.7,4
-9.13,107.55,1
0.02,122.03,1
-4.48,130.96,3
-2.32,101.21,2
-9.95,107.12,2
-7.03,106.17,1
2.89,97.51,1
-3.53,127.38,2
-9.51,115.12,1
-9.29,106.8,3
-2.14,100.62,4
-8.26,117.96,2
-0.08,125.03,2
-5.99,102.61,4
1.23,121.4,1
-0.53,121.85,1
4.7,96.3,1
-0.09,123.19,1
-9.12,110.31,3
0.63,125.12,1
-2.85,121.56,1
0.46,122.08,1
-4.86,101.05,3
0.54,126.45,1
-0.68,131.12,1
-9.06,113.73,1
-7.23,108.42,1
-5.33,102.64,1
-0.05,123.39,1
-3.2,131.2,1
-0.12,122.97,1
2.98,124.43,3
-8.95,117.22,1
-9.48,126.29,4
-9.74,116.89,2
3.0,125.76,4
-9.01,112.83,2
0.45,126.22,1
1.11,120.39,1
1.79,127.19,4
-7.38,123.37,3
0.63,123.86,3
-0.76,99.45,2
4.22,126.85,4
-9.38,118.1,2
-2.79,120.93,1
-6.28,130.45,4
-1.77,121.12,1
-9.03,122.48,1
2.52,126.9,3
-9.65,119.73,1
-7.63,128.33,3
-6.12,105.68,4
-8.34,108.12,2
-6.02,133.72,5
0.28,96.82,2
-0.12,97.31,4
-7.18,106.88,2
-9.05,119.03,1
4.76,96.17,1
-8.86,119.02,1
-0.08,123.58,1
-9.57,119.47,1
-7.28,123.46,3
-7.52,128.14,4
-8.27,114.84,1
-8.37,122.8,1
-10.18,105.17,2
0.36,126.53,2
-6.34,103.67,2
1.83,124.44,1
-7.25,106.06,2
-4.8,102.91,2
3.71,96.59,4
-1.3,120.55,4
-8.62,125.43,3
-1.29,120.46,4
-1.76,100.44,2
-7.05,106.48,2
-9.99,119.27,2
-9.39,114.86,1
0.83,121.34,1
0.37,122.07,1
1.77,122.34,2
-5.11,102.88,4
-9.71,118.68,1
-0.64,131.21,1
-7.81,105.93,2
-9.3,115.43,4
-6.78,128.08,4
-7.29,106.25,1
-7.76,106.0,3
-7.72,105.95,4
-7.55,106.14,1
-3.33,128.56,2
-4.04,129.53,5
-0.52,123.65,1
-5.56,131.05,3
-7.72,106.32,2
-3.32,128.57,2
-4.04,129.5,4
-7.84,106.48,5
-7.52,106.02,1
-4.1,103.1,2
-7.76,105.88,4
-7.75,105.93,2
-8.77,118.75,2
-9.83,119.44,3
0.48,121.66,1
-5.36,119.77,1
-8.92,117.71,2
-0.26,121.95,1
-9.63,117.7,4
-7.66,128.08,4
0.42,121.64,2
3.43,126.84,4
-0.58,133.82,4
1.18,121.0,1
-1.28,120.47,2
4.13,95.54,2
-1.29,120.58,2
-6.01,105.46,2
-5.98,105.45,1
-4.54,102.61,2
-6.23,133.22,3
-8.89,111.48,2
-9.15,111.73,1
0.33,123.38,1
-8.97,110.95,4
-5.89,102.87,4
-2.27,122.45,3
-7.22,105.85,3
-7.25,107.71,1
-6.42,130.91,4
-6.19,127.25,4
-0.46,124.06,2
0.63,122.19,3
-3.46,101.72,2
-9.07,118.38,2
-7.57,106.72,3
-4.91,130.49,5
-6.03,100.89,5
-6.87,105.44,3
0.3,122.34,3
-9.49,117.29,3
-8.45,119.75,3
-7.17,106.06,1
-0.27,122.95,3
-8.36,111.43,2
-7.04,107.01,1
-8.91,110.95,2
-7.81,106.04,1
-3.94,129.54,1
-9.49,111.91,2
-7.85,107.83,1
-3.78,101.69,1
-7.86,107.04,1
3.17,98.32,2
-6.86,108.01,1
-7.96,117.36,2
-9.12,116.32,1
0.02,122.34,1
-7.99,123.7,2
-0.34,122.98,1
-4.75,132.39,5
3.18,128.1,4
-7.16,106.1,2
2.25,128.37,3
1.77,124.3,1
-8.36,118.62,2
4.48,127.02,3
-1.85,100.4,3
-8.26,118.83,1
-3.1,130.55,2
-9.22,119.71,2
-0.12,123.77,2
-7.52,127.81,3
-7.89,106.5,2
0.81,99.95,4
2.58,133.04,4
2.7,133.22,4
-9.01,115.67,2
-8.95,112.75,2
-8.34,124.72,1
-0.02,122.82,1
-4.5,103.75,2
1.48,124.39,5
-8.29,125.01,1
-8.41,124.51,1
-1.32,127.18,1
1.16,99.49,1
-5.66,103.4,2
-8.64,108.1,1
1.37,126.25,1
2.07,126.47,1
-3.21,127.38,1
-0.28,123.05,4
-5.45,103.72,1
-8.06,106.75,1
-7.15,125.36,3
1.0,98.77,4
-7.84,112.55,1
-0.71,127.2,5
-1.29,130.86,1
-10.49,120.35,3
-10.52,120.4,2
-10.5,115.59,4
-5.26,131.66,3
-8.9,116.9,1
-3.61,139.51,3
-0.07,124.2,1
1.12,126.77,2
2.36,98.94,2
-10.2,119.04,1
2.33,98.95,1
-8.23,125.46,2
-0.1,123.2,1
-2.85,120.01,1
-6.77,105.43,2
-8.74,118.96,1
-7.25,129.48,3
-8.53,108.32,1
-6.82,130.16,3
-3.44,129.83,1
-2.51,128.69,2
-8.97,112.79,1
-6.81,129.49,3
-5.43,103.56,4
4.95,95.94,2
4.49,96.27,1
-4.06,130.32,1
-7.63,128.34,4
-8.64,119.69,1
-5.66,103.57,1
-9.32,125.56,1
-0.07,123.46,1
2.61,122.3,2
1.04,121.76,1
-8.81,111.02,1
-7.93,107.88,1
-9.46,117.9,1
-2.86,100.37,4
-9.08,111.23,1
-4.28,126.35,3
-0.05,126.95,3
-8.89,118.11,1
-7.05,105.26,1
-3.17,130.75,5
-3.18,130.77,5
-3.11,130.69,1
-3.2,130.68,2
-8.57,118.44,1
-3.11,130.73,1
-9.16,111.22,3
-9.71,119.93,1
-3.16,130.73,1
-3.0,128.21,1
0.67,122.62,1
-5.01,131.35,4
1.94,126.36,2
0.31,121.79,1
0.73,121.92,1
-8.13,107.67,1
-5.37,129.72,4
0.13,98.01,1
-0.19,122.88,1
-10.49,115.98,1
1.38,126.73,1
-8.7,115.53,2
-8.27,119.0,1
-1.32,120.31,2
-3.05,130.77,3
-8.94,116.13,1
-3.3,130.53,1
-9.82,125.0,1
-8.05,117.26,1
-8.99,112.8,1
0.68,122.42,1
-1.66,130.94,1
1.56,122.31,1
-4.76,139.4,4
-5.41,103.35,2
-8.16,123.27,2
-0.23,100.29,2
0.21,121.75,1
-0.02,122.73,1
1.96,99.03,1
2.38,98.76,4
-7.9,117.8,1
-7.1,113.25,1
-8.39,123.12,1
0.27,122.84,1
-0.58,121.28,1
-3.56,128.38,2
-8.92,116.84,1
-7.76,127.76,3
-6.59,108.56,1
-7.24,129.41,3
-10.1,119.01,1
-1.4,120.48,2
-3.05,86.41,5
2.03,98.91,5
1.94,99.07,1
2.04,99.02,1
1.94,99.29,1
-9.13,119.21,2
0.0,120.51,2
-6.93,130.07,3
0.53,122.19,1
1.26,122.02,1
-0.37,123.06,1
-11.2,109.22,3
-3.57,128.97,3
-3.1,127.48,2
-3.13,130.73,4
-0.3,122.09,1
-3.06,130.59,1
4.77,96.19,1
-3.29,101.62,3
3.15,128.04,3
-3.43,127.59,1
-8.98,112.79,1
-2.77,102.22,3
-1.14,126.86,3
1.02,122.67,1
-9.33,117.9,1
2.05,99.09,1
-9.83,118.65,1
-7.94,107.09,1
2.06,98.96,1
-6.64,129.92,4
-7.39,107.08,1
2.02,99.04,2
2.0,99.07,1
0.27,121.07,1
2.03,98.98,2
1.96,99.2,1
-0.42,99.24,3
-6.79,130.67,3
-9.13,112.73,2
-9.06,112.77,2
2.56,96.02,5
-7.02,129.61,4
-0.05,119.96,1
0.3,122.68,1
-0.68,100.17,2
-7.87,106.28,2
-7.27,129.44,3
0.32,122.15,1
-6.11,103.01,2
-9.05,124.13,1
-10.37,138.31,5
-0.06,121.83,2
-11.05,123.03,3
2.83,128.6,3
-9.51,116.11,1
-7.86,106.54,1
-7.41,106.0,4
0.71,124.68,1
-2.72,126.79,5
-2.76,126.71,2
-2.68,126.62,1
-2.65,126.6,1
-2.71,126.56,1
-9.25,124.98,1
-3.0,126.29,2
-3.75,101.69,1
-9.49,116.08,1
-6.73,106.67,1
-6.43,106.35,1
-2.61,126.74,2
-8.2,115.17,1
1.88,125.63,2
-6.17,105.39,2
-2.71,126.82,4
3.02,128.3,3
-2.71,127.32,1
1.45,121.76,1
-3.11,130.72,1
-7.78,123.94,1
-3.13,130.74,1
2.05,99.01,1
-7.11,106.97,1
-7.2,106.9,1
-7.03,105.17,2
1.73,125.31,1
0.89,122.16,3
0.26,100.26,3
-7.16,106.09,1
-3.27,103.01,1
-3.07,127.99,1
-6.02,128.81,4
-6.85,107.69,1
-3.13,130.75,1
-6.95,129.71,4
-7.33,106.19,1
2.57,127.12,4
1.87,127.09,3
1.91,122.3,3
-7.47,107.21,1
-10.38,119.63,1
0.26,122.43,1
-2.72,126.73,2
-7.13,132.04,4
1.12,121.76,1
-9.33,114.09,1
0.71,122.52,1
-5.39,102.56,1
1.42,122.57,3
1.32,122.49,2
-2.7,126.75,2
-7.58,120.19,1
-1.5,120.18,4
-1.46,119.98,1
-1.46,120.04,3
-3.47,132.62,2
-1.44,119.96,1
-4.8,131.2,4
-11.26,117.73,2
-6.17,129.79,4
-7.4,106.5,1
1.47,120.97,1
-5.1,129.9,3
-9.77,117.93,1
0.0,122.96,1
-7.16,107.46,1
-8.23,115.47,1
-0.41,119.63,2
-8.23,115.53,1
-8.11,119.28,1
-4.19,102.54,1
-0.29,124.45,1
-8.78,122.0,1
-7.25,106.86,1
-7.17,106.9,1
0.71,98.12,1
-3.26,131.3,1
-3.29,127.96,1
-9.35,114.95,1
-8.79,118.38,5
0.62,121.23,1
-8.71,111.42,1
-7.12,125.15,4
-7.27,106.84,1
-0.09,123.1,1
0.6,122.15,1
-0.03,123.29,1
-7.43,128.5,4
-3.87,137.09,5
0.14,125.86,2
3.8,124.48,2
2.37,126.84,5
1.86,126.52,5
0.58,99.97,2
3.17,98.56,2
0.68,99.94,2
-3.13,139.67,3
-9.2,123.03,1
3.2,127.96,3
1.73,122.12,1
-1.89,128.95,2
0.13,126.86,2
-6.73,106.63,1
-1.07,99.63,2
-6.39,130.45,2
-8.48,115.84,2
-8.18,107.93,1
-6.9,129.99,3
0.26,122.15,1
0.2,121.33,1
0.39,122.15,1
1.3,126.45,1
-1.88,115.86,4
-2.2,121.42,2
-6.46,111.1,3
-7.54,106.68,1
-7.15,109.66,1
-7.14,106.93,1
1.38,122.61,1
-7.91,123.81,1
-0.78,99.57,1
1.87,127.31,3
0.56,98.61,3
-7.18,105.29,3
-8.58,112.53,1
2.67,128.47,4
-1.53,137.93,5
-8.1,118.01,1
1.48,123.0,3
-8.72,122.91,1
0.61,125.52,2
-0.31,123.03,1
-2.24,139.14,4
-0.11,123.18,2
-3.48,101.85,1
-6.03,128.85,4
-9.18,123.71,1
0.15,98.62,1
-7.15,106.89,1
-7.3,120.72,4
-9.06,111.31,1
-0.13,120.12,2
-2.71,140.13,1
0.04,126.79,2
-8.95,112.52,1
-0.13,123.9,2
1.22,121.52,1
-4.02,128.78,1
1.74,98.07,1
-7.08,106.95,1
-4.73,133.87,3
-4.64,133.9,3
1.66,121.55,3
3.02,128.99,3
3.06,128.96,3
-7.16,106.92,1
-7.15,106.93,1
-9.94,121.73,1
-2.89,139.87,3
-0.21,122.99,2
-5.95,104.05,2
-9.25,124.04,1
-0.07,125.83,3
-8.74,111.46,1
-8.52,119.39,2
-3.22,130.59,1
-8.77,117.81,1
-9.89,118.93,1
-11.48,118.25,3
-0.73,99.93,1
-9.72,119.44,2
-5.78,133.67,5
1.91,98.94,4
0.04,126.65,3
-7.16,129.75,4
-0.29,122.98,1
0.24,123.27,4
0.24,121.84,1
-7.84,106.61,1
0.59,119.73,1
-8.31,114.66,1
-2.55,140.17,3
-2.74,129.84,1
0.52,121.95,1
-3.62,126.36,2
-0.76,131.28,1
0.8,122.64,1
1.3,98.85,1
0.65,127.05,2
1.83,126.4,2
-5.5,131.16,2
0.9,126.13,1
-6.05,130.89,3
0.91,126.02,1
0.53,120.51,1
-8.15,115.43,1
-9.1,124.09,1
-7.11,129.76,4
2.32,122.83,2
1.71,127.52,2
-0.99,120.06,1
-1.6,135.59,3
-9.54,117.9,1
-3.27,131.0,1
-11.31,118.65,4
-9.7,124.01,2
-0.15,123.25,1
-2.96,129.13,2
0.87,122.26,1
-3.6,131.96,2
-5.21,102.57,3
-6.1,130.66,3
-8.85,118.78,4
2.64,126.34,2
-7.98,117.55,1
-6.94,106.28,1
-4.51,125.84,4
1.36,122.96,1
-9.18,119.03,2
-0.66,97.05,2
-6.94,129.22,4
-7.91,120.15,2
-6.83,129.88,4
1.52,99.46,3
-8.38,119.66,1
-1.85,139.05,1
-2.83,129.92,1
-2.43,120.91,3
-1.55,126.46,2
-2.54,120.93,1
-6.91,129.92,3
-1.5,119.43,1
-0.67,123.4,2
-8.48,123.9,1
-7.23,106.87,1
2.16,96.69,4
-2.39,121.11,1
-0.27,123.0,1
-2.87,129.99,1
-7.47,129.09,4
1.92,122.4,1
0.64,125.12,1
0.59,121.28,1
-7.76,122.76,2
-9.49,113.97,2
1.6,127.29,3
0.47,125.66,1
0.05,123.28,1
0.03,96.88,2
0.18,122.32,1
4.03,126.13,2
0.88,126.07,1
-6.52,130.01,3
-9.52,118.28,1
1.08,126.12,1
1.35,122.54,3
-1.47,119.63,1
-5.09,102.23,1
-1.6,138.63,1
-3.44,131.2,1
-6.47,104.81,5
-0.04,98.6,2
2.93,128.3,3
-9.67,117.4,1
-3.62,133.79,1
-7.48,106.65,1
0.96,124.9,1
1.0,126.12,5
0.85,126.19,3
2.31,128.21,3
-8.78,110.4,1
0.99,126.1,2
0.87,126.03,1
1.32,121.63,1
3.27,98.47,2
1.0,126.06,3
0.93,126.12,1
-7.49,107.01,1
-6.82,108.12,1
-6.84,108.13,1
-2.27,139.67,1
0.3,121.81,1
-6.59,104.87,2
0.93,126.05,1
0.96,126.14,1
-9.12,115.24,1
2.12,96.54,3
-6.76,105.3,2
0.28,126.59,1
-7.22,129.32,3
-6.22,105.7,2
5.36,95.74,2
-6.94,105.24,2
-6.64,105.38,2
0.88,126.06,1
0.88,126.08,2
1.14,121.79,2
-6.33,105.61,3
-0.72,101.24,2
0.94,126.11,2
-9.61,118.29,1
-1.27,120.32,2
3.56,126.99,4
2.14,98.31,1
-6.57,105.43,3
-0.18,122.62,1
-3.03,127.5,1
1.08,98.26,1
-7.79,117.3,4
-9.35,112.42,4
-6.65,129.85,5
-10.21,119.22,1
0.96,122.64,1
0.49,121.64,1
3.34,128.26,4
-1.19,129.93,1
-3.46,99.36,2
-9.69,114.58,2
4.33,123.45,2
0.86,126.06,1
-6.45,129.99,4
-6.55,127.4,4
-0.2,124.62,1
-6.89,129.7,4
-7.03,111.29,2
-7.83,106.59,2
-8.1,122.45,3
0.9,126.11,1
-2.58,140.2,2
-2.89,140.13,1
1.21,126.96,4
1.17,126.94,3
0.75,97.41,1
-2.62,138.41,1
3.51,126.9,3
-9.06,123.91,1
0.36,98.7,1
-8.77,107.24,1
-3.9,118.87,1
0.9,122.57,1
-8.04,116.73,3
-7.37,106.78,1
0.9,126.16,1
-2.61,130.0,1
1.23,126.93,1
-0.26,126.7,2
-6.17,124.84,5
1.14,126.98,2
1.17,126.89,3
0.0,122.94,1
-5.21,104.31,1
-10.65,112.18,4
-1.32,120.74,2
2.12,96.71,2
-5.29,103.85,1
1.05,122.72,1
-6.03,133.34,3
-0.64,123.54,1
-0.36,122.05,1
-7.75,111.84,1
0.55,121.4,1
0.22,121.1,1
-1.93,133.39,1
-9.09,113.13,3
-6.29,107.4,2
-6.01,105.48,1
0.55,122.08,1
-2.71,128.93,1
1.34,121.62,1
-8.28,111.22,1
-9.78,124.55,1
1.2,98.88,2
3.74,96.2,1
-6.83,125.71,4
-9.0,111.32,2
3.27,126.37,2
-8.99,111.31,1
1.15,126.89,1
-7.73,106.95,1
-3.77,101.62,3
0.24,122.23,3
0.36,121.63,1
-8.98,112.62,2
-8.71,109.01,3
0.23,126.05,1
-5.81,130.69,3
2.87,126.18,3
-8.52,108.47,3
-1.29,120.42,1
-7.36,106.82,1
-3.3,101.48,1
3.07,127.95,3
1.89,126.95,3
0.14,120.08,1
-7.2,107.64,1
-8.42,124.33,1
0.4,122.24,1
4.8,96.13,1
0.68,121.81,1
3.51,126.57,3
2.74,128.41,3
-3.69,138.66,5
1.37,122.51,1
1.21,121.63,1
-1.1,128.25,3
1.03,122.81,1
-8.9,110.32,1
4.54,126.57,3
-9.88,124.23,1
0.57,125.67,2
1.17,126.24,1
-4.12,129.19,2
-3.43,128.25,1
-10.98,110.42,4
4.51,95.01,4
-2.41,121.04,1
4.72,96.19,1
-10.95,115.06,4
-4.46,101.82,1
-6.78,127.73,4
1.64,121.8,1
-6.19,130.65,3
-8.63,115.09,1
-2.94,119.54,2
0.58,127.56,1
0.76,126.37,1
-7.14,129.52,3
-7.94,107.26,2
-0.64,122.4,4
-5.58,131.17,4
4.82,96.0,3
0.42,98.38,1
-3.46,139.66,3
-7.73,106.89,1
-9.09,123.19,1
2.39,98.94,1
4.56,124.51,2
-0.23,122.9,3
1.16,120.08,5
1.17,120.01,4
-4.05,133.5,5
-5.16,103.07,1
-3.9,133.62,2
-6.17,105.68,4
-9.37,119.26,4
-11.52,117.39,4
-4.33,102.35,5
-4.32,102.01,4
0.39,125.83,1
-3.54,139.67,2
-2.01,100.08,1
0.38,125.87,2
-2.38,121.08,2
-7.67,106.29,1
0.42,98.53,2
4.92,95.93,4
-5.98,99.78,4
-6.81,110.37,1
1.44,127.59,2
0.92,122.72,2
-1.57,120.47,4
-9.79,118.82,2
1.79,127.27,3
-0.02,122.13,1
-8.07,117.26,1
-7.97,117.23,3
1.59,123.46,1
0.95,126.15,4
-8.78,110.56,1
-9.46,125.36,2
-6.81,102.2,4
-8.07,111.24,1
0.26,122.21,1
-1.42,99.41,1
-1.46,99.42,1
-5.36,102.44,2
-9.15,124.25,2
-9.68,117.11,3
-9.44,117.17,3
0.76,126.78,3
-8.52,109.71,1
-8.09,117.9,2
-0.19,121.86,1
-9.43,122.14,2
-9.38,122.18,2
2.05,121.69,3
-9.17,115.61,4
-8.73,118.25,1
-6.1,130.87,4
-0.09,123.14,3
-7.65,119.37,2
-1.5,99.43,1
1.79,121.76,1
-4.11,133.62,3
-1.33,99.3,1
-9.3,113.12,1
-9.46,110.52,4
-9.31,110.56,3
-9.09,110.57,2
-0.85,124.41,1
-8.03,107.1,1
-6.01,132.23,4
-7.91,117.35,2
-7.9,107.28,2
-9.17,118.29,1
0.91,119.99,1
-1.27,120.38,3
0.62,122.46,2
-7.76,128.01,4
-0.55,137.52,4
4.29,92.92,5
-8.98,114.1,1
3.41,95.92,1
-6.06,105.38,1
-9.37,110.54,3
-2.69,128.02,4
-2.89,128.04,2
-7.37,107.56,1
-4.58,140.48,4
-0.68,131.62,3
-0.98,130.66,1
-2.13,128.39,1
-8.05,107.22,3
-0.15,123.8,1
-1.1,127.56,2
-9.3,111.99,2
-5.76,131.78,3
-1.04,131.07,1
3.08,126.13,2
-7.14,123.76,3
-0.75,121.46,2
-2.76,140.32,2
-6.35,107.02,2
-0.13,123.61,2
0.25,123.86,2
-0.04,123.13,1
1.82,127.44,3
-7.18,106.89,3
-6.04,102.26,2
-10.05,119.86,4
-7.58,128.27,5
1.2,127.1,3
-5.74,127.88,4
-3.2,131.06,1
-9.17,111.25,3
-7.21,106.89,1
-9.4,113.53,2
-7.29,106.87,1
0.18,122.0,1
-1.98,128.53,2
-0.76,131.09,1
-6.38,103.31,3
-7.2,106.85,1
1.65,121.98,1
-9.16,118.39,2
-8.33,119.69,2
-2.88,122.42,3
-2.8,122.4,2
0.35,121.28,1
-0.19,122.98,3
-6.46,104.13,2
-9.38,113.56,1
-10.34,118.71,2
1.03,126.13,1
-2.01,139.58,2
-8.95,110.27,2
0.27,125.84,3
-0.46,122.51,1
1.98,124.42,2
-8.44,108.12,4
-3.36,127.31,2
0.49,99.92,3
-7.33,106.79,1
2.34,126.78,2
-9.25,120.21,4
-9.87,118.67,1
-7.69,127.99,3
-9.31,118.38,5
-4.85,129.63,4
-0.34,124.22,1
-0.22,124.28,1
0.04,120.21,1
-0.05,123.39,1
-9.36,118.37,2
4.28,125.98,3
1.38,97.09,5
-0.18,97.41,2
3.05,128.34,3
-9.85,114.98,2
-9.05,113.77,1
-5.77,104.06,1
-6.7,132.24,4
-8.93,111.18,2
-0.14,123.42,1
-8.12,117.78,1
0.16,122.96,1
-9.52,123.11,1
1.23,98.59,2
1.8,126.3,1
0.51,100.13,1
-8.6,118.21,3
-8.04,117.86,1
-8.13,117.83,1
0.27,97.82,1
-0.09,122.75,1
1.1,97.15,2
-2.31,102.01,3
-9.24,112.47,1
-8.59,112.02,2
-6.45,131.39,3
-5.75,131.83,4
-9.22,118.09,1
-9.05,110.49,1
-9.93,123.28,1
0.01,124.05,1
-0.25,122.96,1
-0.67,127.32,2
-9.15,119.07,4
1.82,121.5,1
-9.1,117.75,1
-8.27,114.08,1
-8.24,123.36,1
-0.83,131.05,1
2.49,98.91,3
-8.66,119.34,2
-9.07,118.43,1
-8.5,117.22,1
-8.9,117.14,1
-8.46,112.08,2
4.22,126.59,4
-9.2,118.41,1
1.67,127.15,3
0.36,122.04,1
-10.38,124.19,3
-0.35,123.08,1
-5.97,130.57,5
-9.49,112.71,2
-9.49,112.7,1
-9.81,112.65,2
-9.75,112.76,1
0.41,125.3,2
-5.2,132.41,5
1.43,126.46,3
1.93,127.33,2
1.45,126.41,2
-8.88,105.6,2
-9.32,115.09,1
-3.56,139.08,2
-5.99,129.97,3
1.97,126.61,2
2.96,127.37,3
-2.61,129.21,3
-8.82,109.08,1
-6.41,129.98,4
1.29,125.76,2
4.49,126.75,5
4.43,126.86,4
-7.82,106.62,1
4.6,126.82,4
1.42,126.94,3
0.86,120.4,1
-9.41,112.81,1
-3.72,129.26,1
-8.4,112.32,1
4.54,126.84,4
4.66,126.83,4
-2.82,140.54,3
-8.44,117.49,1
-8.27,108.62,1
-7.52,128.45,4
1.36,122.78,2
4.51,126.77,5
-8.79,116.9,1
-3.71,128.27,2
-3.49,135.45,3
-8.66,115.23,1
-2.15,125.99,3
-2.03,100.66,3
1.92,99.04,2
-8.89,112.5,3
-8.84,112.48,3
-8.74,118.32,5
-8.16,115.2,1
-9.35,118.96,2
-5.89,131.57,4
4.06,126.74,3
-8.91,118.93,1
-7.25,106.67,1
2.35,128.36,2
-8.97,123.93,3
-0.18,123.86,1
-8.51,111.8,2
-4.98,102.88,4
-9.45,112.56,3
-9.15,118.36,1
-2.88,127.97,3
-0.11,124.38,2
-7.18,106.91,1
1.03,97.94,1
-0.05,122.0,1
-8.92,105.62,4
-7.11,123.23,5
-4.66,101.8,3
-2.95,128.14,3
-8.81,112.45,2
-8.76,124.09,1
2.59,127.13,1
-9.48,119.46,1
-10.17,119.24,2
-0.22,124.54,4
-8.96,110.46,1
0.95,124.62,2
-11.1,117.96,2
-6.07,103.65,4
-9.24,115.73,3
1.34,126.85,3
-1.43,135.0,5
-8.12,123.89,1
2.77,128.57,4
-7.98,128.25,4
-0.97,123.16,2
3.87,96.22,2
0.98,122.4,1
-7.0,127.12,4
-8.28,107.59,2
-2.46,140.01,4
-8.86,121.76,1
-7.84,106.59,2
-1.22,99.0,1
-10.59,112.29,3
-0.06,130.49,1
-3.95,139.62,4
-0.2,122.68,1
-2.33,140.1,1
4.94,126.63,3
-1.79,119.78,3
-7.43,107.56,1
-7.82,106.46,3
-6.07,129.72,3
-3.24,130.74,2
-6.94,122.12,3
-1.29,120.6,3
-4.96,132.23,4
1.25,126.94,1
-4.29,103.35,3
3.04,127.9,3
-7.22,106.03,4
-2.53,100.92,3
3.76,127.85,3
-6.02,105.22,2
-11.66,122.16,3
-7.99,107.89,1
-2.42,118.93,1
-2.41,118.86,1
-2.75,118.93,4
-3.55,135.69,3
-7.94,123.07,1
3.37,126.93,2
-8.41,121.27,2
1.49,127.27,1
-1.73,105.35,1
1.0,125.48,3
-2.73,118.95,4
-7.45,122.95,2
-9.11,116.01,1
-8.13,117.83,1
-0.26,123.12,1
-3.16,119.64,1
-9.23,118.76,1
-7.81,107.25,1
-0.08,123.34,1
0.27,122.32,1
2.74,95.35,4
-7.55,113.76,1
-0.4,123.1,1
-9.49,117.5,1
-7.84,108.04,1
-0.15,123.53,2
2.52,128.11,2
-2.05,131.25,1
-7.14,106.88,1
-1.51,123.63,3
-1.3,95.41,4
-8.54,123.0,1
-7.14,106.9,1
0.14,122.04,1
0.95,98.59,2
0.05,122.52,1
-3.33,127.15,3
-7.17,106.91,1
-7.55,120.04,3
-8.88,124.14,1
-9.17,117.37,1
-7.15,106.9,1
-8.85,124.1,1
1.39,126.6,2
2.74,128.37,4
0.19,123.91,4
1.74,99.49,3
-0.21,129.9,1
-5.0,130.03,4
-3.29,118.69,1
0.43,120.86,1
0.2,120.71,1
-0.07,130.08,4
-0.09,123.12,1
-2.82,140.31,1
1.96,126.45,2
3.8,128.05,3
-8.7,113.38,2
-8.24,123.14,2
-8.0,107.32,2
-6.72,107.66,1
-7.51,119.25,2
-7.97,107.46,3
0.94,126.77,1
2.78,128.07,2
-7.8,107.12,2
0.17,122.58,1
-8.78,123.23,2
-1.38,120.32,1
-0.06,123.18,1
-2.72,129.66,2
3.72,97.64,1
1.64,125.49,2
1.24,126.62,1
-2.0,98.76,5
-2.04,98.68,5
-1.96,98.73,5
1.64,126.41,3
-1.92,98.7,5
-2.13,98.48,3
3.03,127.86,2
-8.34,116.09,3
0.21,121.74,1
-2.13,98.46,3
-6.96,113.9,4
-8.23,116.82,1
-2.16,98.61,3
-8.54,116.92,3
-1.83,98.75,1
-9.44,107.77,3
-11.1,121.12,2
-1.92,98.78,1
1.72,126.2,3
-0.17,100.49,1
-8.78,118.71,1
-1.96,98.62,5
-4.99,102.25,1
-2.62,129.7,2
-2.45,121.15,1
-7.47,107.19,1
-9.07,124.04,1
2.82,128.12,5
-7.71,127.82,4
2.54,128.6,4
-1.93,138.89,5
0.52,125.13,3
3.05,128.0,4
-7.1,129.3,4
1.68,90.91,5
-8.68,120.51,1
-7.54,106.55,1
0.75,121.48,1
1.16,126.1,2
-1.99,98.65,2
-8.02,117.92,3
1.13,111.45,2
-3.11,139.78,4
-7.07,127.21,4
-9.57,116.09,2
-2.48,121.23,2
-9.5,125.42,1
-4.91,133.66,3
0.87,97.9,1
4.12,127.23,3
-7.76,107.05,1
1.43,127.15,3
-2.72,130.03,3
0.32,127.22,3
-8.76,109.94,3
-8.26,109.6,1
1.53,126.52,1
1.15,126.39,2
-3.19,127.53,1
-0.2,122.85,1
-8.92,125.32,1
3.05,127.87,2
4.33,96.67,1
-2.94,140.13,1
-2.55,99.86,4
-9.19,114.34,2
-2.67,140.49,1
-8.93,124.17,1
2.27,96.17,2
0.51,124.71,1
-0.5,120.59,1
1.57,97.13,1
-6.07,103.87,1
-7.74,118.2,2
-8.3,108.66,4
0.67,121.88,1
1.2,126.17,2
-8.1,107.86,1
-3.24,140.29,1
-3.02,140.18,1
-3.43,140.22,1
-0.96,139.72,1
-3.35,140.15,1
-2.02,140.07,1
-3.18,140.36,1
-0.42,122.97,1
-2.84,140.27,3
-2.84,140.23,1
-1.4,120.44,3
3.95,126.49,3
-8.07,117.89,1
-5.71,103.58,1
-8.23,107.36,2
-0.12,123.24,1
-8.93,110.29,3
1.61,127.37,2
0.43,121.39,1
-2.71,100.0,1
-3.28,140.43,1
-3.13,140.45,1
3.45,123.23,3
4.93,125.5,3
-0.45,122.11,1
-9.09,112.82,4
-8.35,119.9,2
1.11,126.91,2
-1.17,130.6,1
-9.45,112.35,1
5.42,96.92,4
-0.04,123.03,1
0.52,121.6,1
-7.12,129.74,4
0.31,121.89,1
-1.64,120.1,1
-8.07,107.4,1
-10.06,124.1,1
-9.34,110.35,2
-3.64,101.68,2
-0.31,123.21,2
-7.96,123.09,1
4.67,125.01,3
-9.43,118.95,1
-0.84,123.25,1
-3.57,128.64,3
2.37,98.76,1
-2.34,121.12,3
1.03,99.53,4
0.0,124.99,2
1.47,127.0,3
-1.46,139.26,4
0.51,126.66,1
-0.08,123.07,1
-8.51,113.29,2
-8.88,115.14,1
0.08,124.68,1
0.76,98.09,3
-2.69,130.0,3
-2.74,130.05,2
-6.56,130.1,5
4.24,97.02,1
-6.69,131.92,5
-2.81,140.68,1
-3.35,128.59,3
-2.78,140.33,1
1.04,125.08,3
-7.72,118.85,1
-2.29,100.59,3
-7.7,105.9,2
4.78,95.98,2
1.76,126.55,1
-4.66,103.62,3
-1.13,130.55,1
-8.23,124.28,1
-1.44,120.32,1
-8.12,122.47,1
-5.12,108.34,5
-0.62,122.6,1
-3.04,136.06,2
-11.71,117.14,5
-10.03,119.41,2
1.57,126.37,2
-1.96,139.91,1
-2.38,140.47,1
0.42,123.63,2
-0.15,123.73,1
-2.78,140.32,1
-3.91,140.14,1
-3.08,130.91,1
1.94,126.08,2
-2.69,140.64,1
-3.12,140.11,1
-5.89,105.99,2
-8.73,111.61,2
-3.13,130.73,2
-6.74,106.68,1
-6.75,106.59,1
0.61,124.63,1
-10.38,124.14,1
-1.44,120.69,2
-6.74,106.62,1
-6.74,106.57,1
-6.73,106.59,2
3.14,127.93,3
-1.2,127.04,1
-4.2,122.17,2
4.35,96.53,1
-6.73,106.58,1
-8.22,115.54,1
-6.73,106.59,1
-8.23,115.55,1
-0.49,129.71,1
-8.17,115.55,1
-2.83,140.02,2
0.73,97.15,1
-6.74,106.6,1
-8.16,115.54,1
4.47,96.26,2
-6.16,107.68,3
3.61,126.59,4
-7.16,106.9,1
-6.73,106.56,1
2.91,127.73,2
-5.64,130.98,3
-0.28,97.24,2
-0.22,122.75,1
2.67,126.29,1
-0.21,123.1,2
-4.01,139.66,2
-0.98,127.48,2
-8.13,107.25,1
-8.08,107.37,1
-7.48,128.59,4
-3.04,130.59,4
-2.99,130.6,4
-2.8,130.62,1
-0.2,119.91,1
-2.95,130.62,2
-6.97,109.95,2
-3.24,130.92,2
-7.59,127.97,4
-2.8,140.28,1
-2.92,130.58,5
-3.75,128.9,2
-11.22,110.97,3
-8.14,115.59,2
-2.41,140.38,1
-8.0,119.63,1
-8.24,120.15,4
-0.23,122.98,1
0.11,121.94,1
4.05,126.6,2
-6.74,106.6,1
-2.88,100.06,4
-2.94,99.97,3
-2.93,100.03,3
-2.93,100.01,3
-6.74,106.62,1
-4.21,102.17,1
-9.4,114.02,3
-6.75,106.63,1
-6.72,106.63,1
-8.35,114.67,1
-8.83,110.33,1
-1.25,119.94,3
-7.03,107.14,1
-4.56,105.1,2
-7.64,106.73,1
-2.13,98.69,2
0.11,124.85,3
-4.65,102.45,2
-4.99,101.97,2
4.38,124.15,3
-6.59,107.1,1
-9.41,116.67,2
-2.83,130.38,1
-3.24,140.03,1
-0.28,123.54,1
-7.21,106.06,1
0.19,122.31,1
1.35,121.81,1
-0.25,122.7,1
-6.55,129.9,3
-0.09,132.84,1
0.01,130.79,1
-8.74,118.39,1
-2.76,140.32,1
-7.66,109.31,1
-9.04,123.29,2
-1.86,100.38,4
-5.75,130.92,4
-0.2,126.95,2
0.97,122.74,1
1.79,97.96,1
-7.79,123.46,1
2.57,128.26,2
-0.23,132.73,1
-0.07,132.76,1
-0.07,123.25,1
0.11,122.85,1
-4.45,125.54,4
2.05,124.01,1
-7.75,105.96,2
0.37,121.16,1
1.01,121.47,1
-5.65,103.71,1
-9.12,112.09,3
-5.59,104.53,2
-9.37,117.62,1
-1.02,131.01,1
-4.49,133.54,3
2.66,125.59,1
2.52,128.39,2
1.9,124.24,1
-8.15,117.82,4
-8.06,117.83,3
-6.11,102.36,2
1.66,121.45,1
-9.65,121.81,1
0.14,122.18,1
0.59,126.18,5
0.56,126.15,3
-7.56,106.19,1
-0.67,131.57,1
-8.74,124.13,1
-0.34,123.19,1
2.9,125.23,2
1.19,96.98,4
1.1,97.14,1
-1.36,120.74,1
-9.51,117.99,1
-6.75,129.71,3
1.8,97.45,1
-0.86,131.24,1
-0.13,123.56,1
-9.34,118.5,1
-9.25,122.52,1
1.31,98.14,2
2.11,127.21,1
0.55,120.85,2
-2.58,129.6,3
-0.7,122.63,3
1.01,121.85,1
-8.17,115.85,1
-0.33,122.96,1
-9.15,116.09,1
-6.31,130.17,4
-8.25,119.72,3
-1.36,99.19,2
-7.65,106.63,1
-6.73,106.47,1
0.25,122.25,1
2.58,127.06,2
-0.99,130.64,1
0.94,121.04,2
1.07,99.51,2
-8.82,110.26,3
-2.64,127.62,5
-3.18,130.64,1
-3.05,130.6,1
0.92,96.95,2
-9.01,112.67,3
-7.46,110.07,3
-8.27,107.63,1
4.48,96.26,4
-6.86,130.18,4
2.51,128.52,5
-7.22,107.15,2
-0.4,98.84,2
0.27,122.26,1
0.3,122.06,1
-8.4,108.76,2
-7.09,129.8,4
1.69,127.4,3
-9.01,127.5,4
-1.71,139.05,3
-7.04,128.03,3
4.42,123.08,2
-1.74,127.17,2
2.17,121.54,1
1.18,121.11,1
-6.04,105.39,2
-8.23,119.78,3
1.02,127.33,2
0.33,125.28,2
-0.25,125.35,1
0.28,124.63,1
-4.24,102.05,4
-2.91,140.22,2
-7.61,106.48,3
1.03,126.84,2
-1.99,100.98,1
1.91,99.11,1
2.46,94.91,2
-0.39,123.21,1
-6.82,104.88,2
0.82,125.75,1
1.31,99.02,1
4.05,97.01,2
-9.75,117.92,1
-0.14,122.53,1
-7.34,107.56,1
-3.55,140.48,3
-1.29,120.33,2
-0.18,122.9,1
-8.04,128.21,3
-10.16,120.53,1
0.08,124.88,1
-2.82,140.32,1
-7.75,128.25,5
-8.98,111.3,1
-1.17,97.89,3
-8.92,108.3,2
0.2,122.13,1
-0.01,121.86,1
-3.8,118.84,1
-10.12,123.82,1
0.22,122.67,1
-0.59,119.96,1
-8.03,107.89,2
-8.5,118.87,1
-4.4,102.65,3
0.67,123.41,1
-8.02,106.81,1
-6.1,119.66,1
0.0,123.19,1
-10.66,123.29,1
-8.7,116.14,4
1.19,128.84,3
-7.66,118.43,1
-4.52,120.7,1
-6.64,104.82,3
-7.94,117.59,1
-9.55,120.91,1
-0.02,122.93,1
0.12,124.31,1
-6.69,126.88,3
-3.82,119.14,2
-7.77,118.99,2
-7.68,117.74,1
-0.22,122.19,1
-8.84,121.83,1
-8.78,116.23,1
1.59,123.74,1
-10.11,118.66,1
-8.52,108.84,1
1.42,98.74,1
-4.83,103.5,1
-9.18,119.12,1
-9.6,124.03,1
4.49,126.2,3
1.02,98.84,2
-0.28,122.97,1
0.56,121.26,1
-7.48,126.58,4
-7.26,105.17,2
0.24,122.1,3
-7.31,107.59,1
-6.35,104.96,2
-2.43,130.04,1
-7.96,117.57,2
-1.44,120.16,1
-0.16,122.61,1
0.84,122.31,1
0.31,122.04,3
-8.83,118.11,1
1.89,127.3,2
-7.24,127.76,4
-9.43,125.33,2
-0.51,133.35,1
-3.65,139.83,3
-0.07,123.22,1
-5.26,119.96,2
-9.65,115.22,4
-8.69,108.63,2
-0.34,123.0,1
-0.3,122.47,1
0.31,124.71,2
-4.99,103.05,1
-0.27,122.87,1
-10.05,107.13,4
0.7,124.77,2
-8.08,106.35,3
0.61,123.76,2
-4.54,102.79,1
-9.68,118.84,1
0.82,99.2,3
-8.69,124.03,1
1.8,123.13,1
-9.88,119.03,2
0.21,122.0,1
0.72,122.64,3
-0.33,122.94,2
-7.97,107.04,1
1.64,127.27,3
-9.96,119.01,5
-9.81,118.97,1
-9.91,119.01,4
0.28,98.68,2
-9.87,118.97,2
-9.86,118.95,2
-9.87,118.97,1
3.73,128.03,3
0.77,121.78,1
2.35,95.72,2
-0.28,122.89,1
1.42,125.12,1
-3.17,130.87,3
1.21,126.14,2
3.04,127.93,3
-8.68,110.24,1
-7.28,107.71,2
-6.1,131.53,4
-0.88,120.94,1
-6.49,128.5,3
-2.75,136.75,3
-8.93,112.68,2
-8.66,112.54,3
1.23,122.43,3
1.41,122.67,1
-8.25,127.63,3
-0.24,123.41,2
1.07,98.25,1
-1.82,140.11,1
-0.13,123.25,1
-9.05,110.39,1
-7.65,105.93,1
-5.75,110.38,4
-9.91,116.82,1
-0.1,125.27,2
-7.49,128.51,5
-0.2,122.68,1
4.57,128.19,4
-8.69,123.03,1
-8.6,124.55,1
0.86,120.84,1
-6.16,104.38,3
-9.68,117.43,1
-6.9,106.44,1
-6.9,106.43,3
-6.91,106.43,3
-7.09,106.44,1
1.23,122.21,1
0.93,98.11,1
-7.0,106.45,1
-6.92,106.43,4
-6.91,106.4,4
-6.92,106.35,2
-6.93,106.35,1
-6.91,106.41,1
-6.9,106.42,2
3.53,126.79,2
-6.89,106.5,1
0.41,119.94,2
0.29,122.03,1
-8.01,107.94,1
-6.93,106.53,1
-9.44,125.51,2
-9.29,125.55,1
-6.88,106.42,1
-7.03,106.63,1
4.92,96.01,4
-6.88,106.36,1
-6.92,106.4,1
-0.02,123.13,1
-10.1,121.49,1
-6.82,106.47,1
-6.93,106.37,1
-6.92,106.33,1
-6.57,106.44,1
-6.77,106.66,1
-6.75,106.4,1
-6.91,106.41,1
-6.87,106.39,1
-0.01,122.83,1
1.39,124.06,2
-7.51,124.49,1
-6.72,106.41,1
-7.27,106.73,1
-6.74,106.15,1
-0.47,122.27,1
-8.16,117.94,1
2.92,98.83,3
-6.83,106.61,1
-6.9,106.54,1
-8.09,107.9,1
-6.82,106.59,1
-5.31,105.03,1
1.72,99.56,3
-0.12,121.67,1
-9.8,112.95,3
-7.97,107.9,1
-6.92,106.37,1
0.35,98.52,3
-5.0,124.65,1
1.07,121.34,1
-6.93,106.4,1
-0.14,123.87,1
-0.8,100.17,1
-8.88,110.64,3
0.17,98.37,1
-6.2,131.82,3
-9.51,112.89,2
-7.91,107.91,1
-7.42,106.12,1
2.3,126.76,2
-9.95,119.0,3
0.45,123.09,1
-1.05,130.31,1
-2.74,140.36,1
-3.79,139.84,1
-1.96,140.07,1
0.27,122.1,1
-3.79,139.9,1
-9.21,116.17,1
-6.32,103.7,1
-5.86,103.31,4
-6.9,106.42,1
-6.9,106.44,2
-6.45,130.2,4
-6.91,106.36,1
-8.76,124.3,1
-6.96,106.47,1
-1.91,128.93,4
1.09,122.72,2
-1.31,120.23,2
-6.92,106.39,1
2.34,99.05,5
-8.76,112.38,2
-7.25,107.61,1
0.53,121.52,1
-1.95,98.81,2
-9.26,125.12,1
-9.17,125.83,3
-4.65,129.6,2
-0.35,122.83,1
1.93,121.37,1
-8.75,123.97,1
-9.5,118.56,1
-7.96,106.85,1
1.45,127.36,4
-9.29,123.87,2
-2.88,99.99,4
-8.19,118.5,2
-2.8,100.02,1
-8.18,107.32,2
-3.26,127.43,1
-9.33,115.16,1
-5.3,133.8,4
0.57,125.13,1
1.47,122.16,1
0.21,99.83,3
0.26,122.06,5
-0.06,122.86,1
0.46,121.0,1
-2.84,129.52,1
-0.22,124.6,4
-7.11,129.29,4
2.83,96.54,1
-0.43,124.0,3
4.37,96.23,3
-11.3,118.5,3
-7.59,121.63,4
-0.46,123.05,1
-0.1,123.17,1
-9.41,124.3,1
0.31,122.28,1
-6.46,104.82,1
-1.72,113.53,3
-11.05,116.22,2
0.79,121.62,1
-9.4,118.72,2
-2.22,101.44,3
-7.49,130.82,4
3.29,127.24,4
-6.86,106.49,2
-0.02,123.76,1
0.25,127.27,4
1.25,124.56,3
-8.9,124.36,3
-4.86,138.54,4
-9.09,116.18,2
-8.66,115.36,1
-7.42,128.62,4
-5.2,104.22,1
0.92,122.63,1
2.52,99.11,4
0.34,122.53,2
-7.61,128.87,5
-0.19,123.69,2
-6.51,130.78,4
-5.2,102.97,4
0.8,121.72,1
0.77,128.11,1
-3.43,139.87,2
-10.17,124.13,1
-2.68,140.4,3
-8.37,118.84,1
-1.29,120.65,1
-8.02,117.2,1
-9.24,123.59,1
2.06,128.36,3
-7.02,122.24,3
-8.17,120.04,3
-3.07,139.82,5
0.19,121.89,2
-6.96,106.35,4
1.4,127.27,3
-9.36,110.38,3
-3.55,128.62,2
-9.31,110.33,2
-9.35,110.35,3
-8.78,119.5,4
2.69,125.26,1
-8.18,107.1,1
0.28,98.67,1
-8.78,118.33,3
-3.61,129.3,2
2.59,128.17,2
-8.26,123.54,1
-9.01,115.39,4
-8.78,110.91,1
-8.61,117.07,1
4.76,96.37,3
2.03,128.1,3
-8.24,107.62,4
-0.4,124.46,3
-3.95,140.1,2
-9.21,110.37,2
-6.89,106.38,1
-8.89,124.06,1
-7.52,103.13,4
-3.12,130.59,3
-1.66,139.73,2
-0.33,100.44,3
-0.38,100.49,1
-8.83,116.91,1
-9.59,115.07,1
-6.89,106.43,1
0.99,125.94,4
-7.67,124.9,3
-8.84,117.62,1
4.17,125.84,3
0.95,121.24,1
-8.03,122.34,3
2.46,128.2,3
-1.14,122.58,1
3.4,124.65,4
-8.12,124.0,2
-8.79,122.32,2
0.19,122.08,1
0.64,96.53,1
-3.69,140.84,1
-4.9,129.67,3
2.98,98.13,3
-0.6,99.22,2
3.21,128.22,4
3.05,127.68,2
1.05,123.16,2
-9.49,117.57,1
-9.58,116.41,1
-10.34,119.02,2
-9.05,124.08,1
0.85,120.5,1
-8.92,111.13,3
-4.47,102.37,3
1.54,127.19,4
-6.63,107.62,1
-2.83,140.3,1
-9.56,112.83,4
-9.4,112.87,4
-9.7,112.75,5
-9.54,112.82,4
-9.42,112.84,1
-9.54,112.86,3
-9.7,112.87,4
-9.84,112.83,4
-9.53,112.85,2
-9.56,112.84,2
-9.75,112.84,2
-9.81,112.83,2
-9.07,112.91,2
-9.48,112.83,2
1.11,126.47,2
-9.51,112.91,2
-9.56,112.86,3
-9.69,112.75,3
-9.65,112.65,2
-9.21,122.22,1
-9.68,112.86,2
-9.67,112.81,2
-0.23,122.84,1
-9.56,112.85,3
-9.12,112.92,2
0.21,120.64,1
1.04,122.77,1
-9.5,112.82,3
0.39,120.62,2
-9.68,112.69,2
-9.55,112.8,4
-9.68,112.71,3
-10.12,112.57,2
3.45,126.75,4
-9.21,112.83,2
-8.99,112.86,2
-9.65,112.84,4
1.32,126.81,2
-9.67,112.86,3
-9.43,112.87,2
-8.99,112.8,2
-9.68,112.8,3
-9.6,112.9,2
3.51,126.8,3
-9.6,112.86,2
-9.73,112.77,2
-0.04,123.25,1
-0.08,125.37,3
-9.53,112.82,2
-9.67,112.87,2
-9.55,112.82,3
-9.79,112.8,4
-9.48,112.87,2
-9.53,112.81,2
-9.44,113.02,2
-7.57,113.42,1
1.77,126.4,3
-9.4,118.06,1
-9.44,112.75,3
0.37,120.91,1
-6.79,129.31,4
-9.81,112.66,3
-9.5,112.78,2
-9.81,112.81,2
0.06,124.41,1
2.58,128.27,4
-10.36,124.22,3
-5.76,130.96,3
-0.08,122.83,1
-5.29,102.37,2
-9.42,112.85,1
-10.13,124.06,1
0.3,124.83,1
-7.88,127.56,4
-1.73,99.8,5
-1.65,99.75,4
-1.7,99.76,3
-1.65,99.78,1
-1.66,99.74,1
-1.64,99.58,2
-1.67,99.77,1
-3.36,128.62,3
2.78,96.15,3
-9.53,112.85,3
-9.57,112.83,3
-1.67,99.77,2
-6.77,106.65,1
-0.96,100.61,5
2.69,124.4,3
2.57,128.25,3
-1.68,99.78,2
-6.56,121.37,1
-5.92,130.85,4
-9.52,112.83,2
-3.74,128.61,2
-2.4,129.72,2
1.64,99.26,1
-6.82,126.62,3
-9.53,112.89,1
-4.83,105.8,2
-6.46,104.94,1
-3.28,129.27,1
0.2,121.99,1
-5.29,129.62,3
-9.44,112.83,1
-8.3,122.53,1
-9.44,112.79,1
-8.44,115.93,1
-9.72,117.9,2
-6.5,104.74,1
0.16,121.75,1
1.78,124.89,1
-4.62,133.58,3
-9.26,112.85,1
-8.36,122.31,2
-5.89,104.08,2
-6.12,103.56,2
1.34,126.63,2
-2.8,130.06,3
-11.57,119.05,2
-1.88,99.78,1
-1.73,99.76,2
-1.7,99.79,1
1.08,99.02,2
-8.61,118.4,2
-8.92,110.41,1
-8.79,117.82,1
-8.42,117.7,1
0.17,122.45,1
1.06,121.08,1
-10.95,113.17,4
4.69,92.84,5
-7.02,117.93,1
0.49,122.45,1
-2.52,121.5,3
2.29,127.61,1
-7.58,129.3,4
-7.6,129.44,4
-5.09,103.17,1
-7.3,128.64,4
-1.64,99.65,1
-11.27,110.97,4
-1.64,99.67,1
4.39,124.96,2
-0.11,123.06,1
4.66,125.0,4
4.62,125.06,5
-2.91,130.07,2
-9.59,112.85,2
-7.87,107.36,1
3.38,126.69,4
-7.16,107.41,1
1.05,127.84,2
-3.58,102.48,3
-2.92,140.2,2
2.42,128.56,3
-4.02,129.5,4
0.27,122.06,4
-8.68,122.25,1
-2.73,139.98,1
-10.51,123.91,1
-8.92,113.06,2
-0.36,123.1,3
-2.48,140.25,1
0.53,122.55,2
-9.73,112.82,4
-9.51,112.83,3
0.96,121.92,1
1.07,126.23,3
-3.88,122.88,2
-8.65,121.92,2
-8.57,119.49,1
-0.71,100.0,2
-1.2,120.85,1
-7.99,107.42,3
-2.29,127.98,2
1.74,122.16,1
-8.75,123.81,1
-2.87,129.89,3
-2.77,129.79,2
-0.14,123.76,1
-10.7,116.4,4
-8.25,110.69,1
-9.52,112.83,2
-9.41,114.69,2
-9.53,112.8,2
-7.94,107.27,1
-9.28,124.52,1
-9.29,124.49,1
-7.02,106.0,1
-9.57,112.88,2
-9.79,116.62,2
0.47,121.5,1
0.42,120.44,2
3.66,97.05,2
-10.07,111.05,3
4.46,126.64,4
-7.04,130.01,4
-0.14,122.82,1
2.57,128.27,5
4.22,126.16,4
-8.51,126.66,3
-8.3,118.74,2
0.85,122.57,1
-0.13,122.97,1
-2.3,125.91,1
-8.92,123.95,1
-0.04,123.17,1
0.58,119.58,2
-8.39,107.7,4
-7.13,129.49,5
-7.23,129.61,5
1.71,126.22,3
-0.14,124.43,1
1.84,126.43,2
1.43,98.27,3
-5.95,102.33,5
-9.55,124.14,1
-1.76,99.78,3
0.64,121.42,1
-2.92,130.1,2
-7.96,117.57,1
-1.79,99.77,3
-1.68,99.77,4
-1.63,99.64,1
-8.52,108.43,1
-7.15,106.09,1
-1.66,99.76,2
-1.64,99.66,2
-9.2,119.22,1
-1.71,99.66,2
-11.04,114.74,2
-1.68,99.68,1
-5.05,102.88,2
-2.05,125.77,2
0.27,120.57,1
-3.46,127.15,1
-9.14,121.25,5
-0.08,121.13,1
-8.09,108.73,1
-1.73,99.8,1
1.95,127.64,3
-8.06,123.99,3
0.19,122.06,2
-11.32,117.24,3
-8.54,122.4,1
1.51,126.44,3
-3.29,101.46,2
-3.96,133.9,2
3.37,125.72,3
-1.85,121.24,2
-9.5,119.44,1
-6.76,106.52,1
-2.61,133.26,2
1.53,98.05,1
-8.25,119.66,3
-8.45,108.46,1
-3.85,119.06,1
0.72,122.24,1
1.03,120.92,1
-8.34,108.42,2
-9.73,112.83,4
-9.56,112.87,4
-9.44,112.87,4
-8.44,119.2,2
-1.56,123.28,3
-9.4,112.84,2
-9.47,112.83,2
-6.1,130.42,4
-1.66,99.79,1
-4.5,103.81,4
-7.62,128.39,4
0.84,122.14,1
-2.02,99.77,2
-1.85,99.74,2
1.68,126.98,1
-7.23,122.69,5
-6.35,131.47,5
4.16,125.59,3
-0.05,123.23,1
-2.21,100.8,3
-9.55,112.85,4
-8.35,116.5,5
-8.35,116.54,4
-8.46,116.49,4
-8.38,116.57,4
-8.34,116.55,3
-8.13,116.53,5
-8.27,116.46,5
-8.21,116.56,5
-8.37,116.58,3
-8.59,116.44,1
-8.43,116.49,1
-8.36,116.55,1
-8.29,116.28,1
-8.87,116.24,1
-8.3,116.57,3
-8.24,116.45,4
-8.36,116.43,1
-8.66,116.45,1
-8.26,116.64,1
-0.21,123.07,1
-9.35,112.88,2
-8.54,116.51,1
-7.07,106.3,1
-8.49,116.54,1
-8.49,116.45,1
-8.18,116.44,3
-8.42,116.54,1
-8.48,116.46,1
-8.34,116.58,1
-8.19,116.58,3
-8.24,116.58,1
-8.28,116.61,2
-8.2,116.6,3
-8.74,116.39,1
-8.22,116.49,3
-8.22,116.61,3
-8.52,116.39,1
-8.27,116.5,2
-8.73,116.26,1
-8.72,116.31,1
-8.79,116.28,1
-8.64,116.46,1
-8.63,116.34,2
-8.65,116.34,1
-8.46,116.46,1
-8.66,116.3,1
-8.65,116.37,3
-8.88,116.28,1
-8.85,116.3,1
-8.59,116.41,1
-8.8,116.32,1
-8.78,116.3,1
-8.71,116.3,1
-8.7,116.33,1
-8.7,116.4,1
-8.75,116.32,2
-8.2,116.56,4
-8.37,116.45,5
-8.61,116.36,3
-8.63,116.34,2
-8.86,116.23,2
-8.68,116.45,1
-8.38,116.64,1
-8.87,116.27,1
-8.74,116.11,1
-8.65,116.37,1
-8.24,116.5,5
-8.47,116.43,4
-8.1,116.54,2
-8.51,116.36,2
-8.2,116.42,1
-8.82,116.24,1
-8.84,116.23,1
-8.79,116.22,1
-8.77,116.27,1
-8.73,116.31,1
-8.56,116.43,2
-8.51,116.45,2
-8.39,116.43,3
-8.14,116.45,4
-8.87,116.15,1
-8.12,116.58,1
-8.42,116.8,1
-8.2,116.45,2
-8.69,116.32,1
-8.74,116.34,1
-8.7,116.32,1
-8.25,116.2,1
-8.16,116.43,1
-8.64,116.36,1
-8.74,116.35,1
-8.66,116.35,1
-8.78,116.32,1
-8.73,116.32,1
-8.65,116.33,1
-8.73,116.32,1
-8.44,116.55,1
-8.3,116.47,3
-8.59,116.37,1
-8.33,116.56,1
-8.85,116.27,1
-8.83,116.35,1
-8.68,116.45,1
-8.86,116.28,1
-8.99,116.31,1
-8.72,116.32,1
-8.86,116.37,1
-8.68,116.36,1
-8.79,116.31,1
-5.89,130.34,4
-8.36,116.56,1
-8.19,116.43,1
-8.88,116.27,1
-8.44,116.55,1
-8.9,116.26,1
-8.77,116.27,1
-8.77,116.34,1
-8.81,116.29,1
-8.8,116.34,1
-8.49,116.46,1
-8.79,116.29,1
-8.31,116.47,1
-8.49,116.43,1
-8.86,116.28,2
-8.24,116.47,1
-8.93,116.19,1
-8.24,116.58,1
-8.42,116.44,2
-8.05,117.87,1
-8.27,116.45,1
-8.25,116.49,2
-8.8,116.32,1
-8.81,116.29,1
-8.75,116.29,1
-8.44,116.53,1
-8.81,116.37,1
-8.37,116.55,2
-8.57,116.47,1
-8.57,116.46,1
-8.86,116.26,1
-4.95,129.57,3
-8.39,116.56,1
2.3,126.79,4
-8.88,116.22,1
-8.7,116.44,1
-8.81,116.31,1
-8.31,116.51,1
-8.82,116.27,1
-8.98,116.08,1
-8.79,116.31,1
-8.77,116.39,1
-8.53,116.41,1
-8.75,116.3,1
-8.61,116.43,1
-8.57,116.48,1
-8.27,116.46,1
-8.33,116.44,3
-8.3,116.59,1
-8.76,116.28,1
-8.8,116.24,1
-8.82,116.28,1
-8.77,116.32,1
-8.85,116.28,1
-8.78,116.36,1
-8.52,116.51,1
-8.69,116.34,1
-8.46,116.45,1
-8.78,116.4,1
-8.86,116.25,1
-8.45,116.53,1
-8.83,116.3,1
-8.76,116.43,1
-8.82,116.28,1
-8.77,116.33,1
-8.7,116.34,1
-8.78,116.29,1
-8.74,116.41,1
-8.85,116.27,2
-8.2,116.5,2
-8.86,116.26,1
-8.82,116.22,1
-8.78,116.3,1
-8.75,116.44,1
-8.77,116.25,1
-7.11,106.28,2
-8.77,116.43,1
-8.82,116.27,1
-8.82,116.34,1
-8.82,116.28,1
-8.75,116.27,1
-8.58,116.49,1
-8.79,116.31,1
-8.7,116.34,1
-8.8,116.31,1
-8.64,116.45,1
-8.77,116.32,1
-8.84,116.28,1
-8.8,116.27,1
-8.39,116.56,1
3.83,126.68,3
-8.83,116.26,1
-8.54,116.5,1
-0.49,123.73,1
-8.8,116.22,1
-8.8,116.31,1
-8.38,116.59,1
-9.03,115.83,1
-8.67,116.41,1
-8.1,117.9,2
-8.81,116.4,1
-8.75,116.33,1
-8.8,116.27,1
-8.85,116.28,1
-8.44,108.79,1
-8.86,116.28,1
-8.02,116.59,1
-8.77,116.31,1
-8.71,116.4,1
-8.88,116.27,2
-8.82,116.3,1
-8.6,116.48,1
-8.91,116.37,1
-8.93,116.35,1
1.81,123.45,1
-8.86,116.43,1
-9.17,123.93,1
-8.87,116.28,1
-8.81,116.28,1
-8.55,116.5,1
-8.93,116.31,1
-4.51,102.5,2
-8.93,116.39,1
-8.75,116.41,1
-8.09,116.79,1
-8.78,116.29,1
-7.73,128.09,4
-8.93,116.44,1
-8.14,116.7,1
-8.87,116.36,1
-2.02,138.44,4
-8.79,116.49,1
-8.78,116.32,1
-8.82,116.3,1
-8.85,116.29,1
4.12,127.66,2
-8.68,116.43,1
-8.73,116.31,1
-8.81,116.54,1
-8.44,116.44,1
-8.64,116.37,1
-4.63,102.06,2
-10.77,111.67,4
-8.58,116.34,1
-8.82,116.38,1
-0.02,123.17,1
-8.84,116.37,1
1.91,128.24,2
-8.68,116.38,1
-8.27,116.61,2
-8.28,116.49,4
-8.37,116.43,2
-8.42,116.47,2
-8.71,116.37,1
-8.76,116.28,1
-9.15,115.97,1
-8.52,116.57,1
-8.52,116.43,1
-8.96,124.08,1
-8.39,116.57,2
-2.37,128.33,2
-8.16,116.47,2
-8.76,116.06,1
-8.74,116.29,1
-2.25,128.27,2
-8.75,116.33,1
-8.67,116.31,1
-8.75,116.31,1
-8.86,116.36,1
-8.74,116.3,1
0.55,121.96,1
-8.89,116.36,1
-8.81,116.29,2
-8.77,116.38,1
-8.8,116.33,1
-8.86,116.2,1
-8.76,116.3,1
-8.88,116.36,2
-8.45,113.49,1
-8.75,116.27,1
-8.19,116.63,1
0.3,124.14,1
-8.78,116.29,2
-8.51,116.51,1
-8.73,116.46,1
-8.44,116.45,2
-8.62,116.45,1
-8.76,116.31,1
-8.83,116.38,1
-8.93,116.16,1
-8.9,116.09,1
-8.4,116.56,2
-8.53,116.42,2
-8.86,116.35,1
-8.75,116.18,1
-8.34,116.47,2
-8.89,116.34,1
-8.83,116.33,1
-8.43,116.55,2
-8.46,116.52,1
-8.77,116.41,1
-8.84,116.26,1
-8.91,116.45,1
-9.01,116.35,1
-8.82,116.27,1
-8.77,116.45,1
-8.68,116.43,1
-8.79,116.29,1
-8.62,116.07,1
-8.83,116.27,1
-8.73,116.32,1
-8.4,115.49,1
-8.76,116.41,1
-8.43,116.49,1
-8.63,116.38,1
-8.74,116.3,1
-8.35,116.58,1
-7.94,128.28,4
-8.89,116.3,1
-8.7,116.33,1
-8.52,116.49,1
-8.75,116.18,1
-8.67,116.33,1
-0.34,122.96,1
-8.19,116.43,1
-0.39,128.18,2
-8.5,116.53,1
-8.78,116.32,1
0.79,122.35,1
-3.16,140.9,2
-0.05,125.6,1
-1.82,129.02,2
-8.64,116.45,1
-0.15,120.16,1
-11.13,115.99,2
-8.37,116.41,1
-8.87,116.13,1
-9.0,116.25,1
-8.31,116.35,1
-12.46,120.74,2
0.56,98.3,4
-8.8,116.29,1
-8.91,116.34,1
-8.51,116.46,1
-1.07,127.29,3
-8.04,116.4,2
-1.05,127.31,2
-8.97,119.3,1
-8.84,116.28,1
-8.73,116.39,1
-8.22,116.4,1
-8.72,116.35,1
-8.91,116.44,1
0.3,123.49,1
-9.37,116.95,1
-8.43,116.64,1
-8.72,116.48,1
-8.85,116.34,1
-8.51,116.53,1
-8.98,125.81,2
-8.32,116.56,1
-8.54,116.39,1
-8.33,116.48,2
-8.3,116.66,1
-8.65,116.28,1
-8.24,116.5,1
-8.58,116.6,1
-9.15,116.1,1
-8.63,116.55,1
-8.63,116.24,1
-8.25,114.27,3
-8.59,116.32,1
-8.78,116.27,1
-8.46,107.39,1
1.85,127.23,1
-8.7,116.33,1
-8.85,116.4,1
-8.76,116.33,1
-8.77,116.33,1
-8.68,116.37,1
-0.88,127.01,2
-2.64,122.38,2
-8.36,119.6,1
-8.52,116.49,1
-8.57,116.48,1
-10.03,124.26,1
-8.85,123.32,2
-0.06,123.69,2
-8.79,116.27,1
-8.33,116.59,1
0.17,96.66,5
-8.84,116.26,1
-8.44,116.4,1
-8.25,116.56,1
-8.94,116.0,1
-8.74,116.43,1
-8.8,116.49,1
-8.95,116.17,1
2.91,125.44,4
0.6,126.19,3
-1.37,100.3,3
-8.45,116.42,1
-8.35,116.64,1
-8.29,116.5,1
-8.62,116.41,1
-9.66,112.71,2
0.65,122.21,1
-8.3,116.59,1
-8.83,115.07,1
-8.09,117.3,1
-9.66,112.76,2
-9.7,112.69,3
-8.28,116.46,1
-8.82,116.28,1
-8.54,116.57,1
-8.5,116.43,1
-8.8,116.44,1
-8.7,116.34,1
-9.36,112.82,2
-8.93,116.34,1
-8.72,116.43,1
-8.83,116.27,1
-8.78,116.82,1
-6.51,104.75,3
-8.79,116.33,1
-8.8,116.32,1
-7.88,106.59,2
-9.75,116.66,1
-8.63,116.37,1
-8.68,116.37,1
-8.76,116.17,1
-8.39,116.36,1
-8.7,116.36,1
-8.7,116.43,1
-8.76,116.48,1
-8.76,116.43,1
-9.83,112.76,3
-9.0,116.72,1
0.9,98.48,3
-8.66,116.37,1
-9.1,116.72,1
-8.75,116.42,1
-8.86,116.36,1
-8.94,116.78,1
-9.01,116.17,1
-8.84,116.38,1
-8.84,116.3,1
-8.86,116.23,1
-8.79,116.29,1
-8.85,116.39,1
-8.76,116.33,1
-8.56,116.49,1
-8.76,116.42,1
-8.7,118.47,1
-8.86,116.36,1
0.36,125.86,1
-9.07,116.27,1
-9.32,117.17,1
-9.41,115.75,1
-8.84,116.38,1
-8.74,116.29,1
-7.36,111.64,1
-9.68,119.06,1
-8.35,107.89,1
-7.35,118.48,1
-8.79,116.18,1
-8.4,116.44,1
-8.73,116.35,1
-8.45,116.53,1
-0.35,100.42,1
-7.31,117.01,1
-8.65,116.5,1
-8.97,116.17,1
0.34,121.23,1
-0.77,131.1,1
-3.39,128.37,1
-8.78,116.29,1
-8.94,116.27,1
-8.82,116.47,1
-10.35,109.66,3
-0.4,123.05,2
-8.74,116.31,1
-1.8,100.42,4
-9.43,121.85,1
-8.78,116.37,1
-8.56,116.38,1
-8.8,116.26,1
-3.33,128.8,1
-8.22,116.46,1
-8.91,116.19,1
-8.97,116.42,1
-8.82,116.41,1
-8.76,116.39,1
0.52,98.35,1
-8.44,116.53,1
-8.77,116.27,1
-8.87,116.29,1
-0.34,122.66,1
-0.73,131.11,1
-8.45,116.55,1
-9.91,123.09,3
-8.43,116.51,2
3.47,125.88,4
-11.28,122.23,2
-8.86,116.26,1
-8.78,124.64,1
-8.38,116.65,1
-8.66,116.45,1
-8.38,116.66,1
-8.61,116.58,1
-7.52,116.4,1
-8.69,116.45,1
0.42,125.01,2
-8.86,116.24,1
-10.91,124.19,1
-8.78,116.39,1
-3.28,139.9,1
-8.34,116.64,1
-8.41,116.56,1
-8.38,116.57,1
0.0,127.22,3
-10.44,123.83,3
-8.25,116.68,3
-8.36,116.63,2
-8.38,116.61,1
-8.26,116.67,2
4.07,125.88,4
-8.24,116.68,3
-8.82,116.37,1
-9.26,118.31,4
-8.23,116.67,1
-8.87,116.42,1
-8.88,116.41,1
-8.03,117.25,1
-8.6,116.48,1
-8.37,116.64,1
-10.28,123.71,1
-8.59,116.48,1
-8.59,123.8,2
0.2,121.88,1
-8.42,116.65,1
-8.83,116.45,1
-8.73,116.33,1
-8.84,116.46,1
-8.67,116.36,1
-5.66,102.52,5
-8.89,116.44,1
-8.46,116.61,1
-8.8,116.49,1
-3.06,139.23,4
-8.66,116.3,1
-8.68,116.5,1
-8.78,116.47,1
-8.37,116.49,1
-8.88,116.46,1
-8.28,116.68,1
-9.15,120.26,1
-9.44,115.21,1
-0.09,122.83,4
-8.41,116.63,1
-8.81,116.28,1
-8.91,116.44,1
-8.84,116.46,1
-8.49,116.62,1
-9.11,115.64,1
-8.83,116.31,1
-8.9,116.27,1
-8.1,123.97,1
-8.76,116.3,1
-8.61,116.55,1
-8.79,116.49,1
-8.7,116.45,1
-8.73,116.44,1
-8.85,116.39,1
-8.83,116.29,1
-8.78,116.34,1
-8.78,116.32,1
-8.81,116.31,1
-8.42,116.65,1
-9.49,112.77,3
-8.28,116.67,1
-8.72,116.52,1
-8.67,116.39,1
-9.72,117.33,1
-8.4,116.63,1
-8.64,116.45,1
-8.98,116.35,1
-4.58,129.61,2
-4.18,128.45,1
-8.85,116.45,1
-9.08,116.28,1
-3.11,135.3,3
-8.74,116.35,1
0.6,121.93,1
-9.02,116.24,1
-8.69,116.32,1
-4.92,103.43,2
-8.75,116.34,1
-2.76,140.57,1
-8.68,116.32,1
-8.51,116.52,1
-8.82,116.24,1
-8.71,116.41,1
-10.55,124.05,1
-8.92,116.26,1
0.34,122.01,1
-8.26,116.69,2
0.99,126.99,1
-8.73,116.47,1
0.74,125.8,2
-8.69,116.44,1
-8.75,116.46,1
-9.0,116.39,1
-2.82,129.51,1
-0.09,124.06,1
-9.4,115.3,1
-8.88,116.47,1
-8.59,116.34,1
-8.81,116.36,1
-8.94,116.45,1
-7.5,106.0,2
-8.42,116.46,1
0.38,119.48,3
-8.26,116.48,2
-8.48,116.85,2
-8.46,116.87,1
-8.78,116.72,1
-8.79,116.75,1
-8.48,116.86,1
-8.6,116.82,1
-8.45,116.86,1
-6.01,102.49,2
-9.75,117.51,1
-8.0,117.37,1
-2.29,140.1,1
-8.59,116.82,1
-8.85,116.72,1
-8.59,116.76,1
-8.51,116.85,1
-8.43,116.81,1
0.97,121.29,1
-8.29,116.63,5
-8.25,116.64,3
-8.78,116.26,1
0.51,126.61,2
-8.84,116.44,1
-8.33,116.61,1
-8.69,116.47,1
-7.09,129.85,3
-8.79,116.39,1
-9.0,116.33,1
-7.19,107.64,1
0.45,120.81,1
0.36,121.42,1
-8.89,116.38,1
-8.78,116.42,1
-8.77,116.4,1
-8.37,116.6,1
-7.25,129.27,3
-8.78,116.38,1
-8.42,116.54,1
-8.66,116.43,1
1.7,121.51,1
-8.82,116.3,1
-8.33,116.62,1
-6.22,132.69,5
-8.36,116.68,1
-8.33,116.64,1
-9.0,115.03,1
-1.54,99.96,2
-8.26,116.49,1
-5.27,133.93,5
-5.19,133.97,4
-0.71,127.54,1
-8.63,118.17,1
-5.01,102.76,3
-8.85,116.45,1
4.06,97.58,1
-8.26,116.46,1
-8.87,116.43,1
3.56,126.74,2
-8.84,124.46,1
-8.95,124.23,2
-8.16,116.39,1
-8.75,116.39,1
-3.3,131.19,1
-8.63,116.32,1
0.81,126.19,1
-8.61,116.4,1
-8.21,116.64,1
-8.8,116.37,1
-8.79,116.44,1
-8.87,116.89,1
-3.24,131.0,4
-0.29,123.26,1
-8.1,117.8,1
-7.75,106.99,1
-8.46,116.53,1
-8.71,116.36,1
-9.5,120.77,3
-8.58,116.49,1
-8.78,116.4,1
