Lintang,Bujur,Kedalaman(KM),Timestamp,Kelas
-11.65,117.61,10,1514742185.0,3
-0.33,123.73,112,1514742752.0,5
-1.4,120.47,10,1514749673.0,1
-9.42,117.9,24,1514750606.0,1
1.42,122.04,17,1514750829.0,1
-6.11,130.34,157,1514751893.0,3
-3.24,128.84,10,1514752333.0,2
-0.24,123.07,63,1514755853.0,1
2.31,97.06,59,1514757542.0,1
0.19,121.95,155,1514758959.0,1
-6.46,101.7,10,1514762562.0,4
-4.41,102.14,43,1514766361.0,4
-0.23,122.94,12,1514766719.0,1
0.59,122.34,61,1514767682.0,1
-0.72,131.12,17,1514772189.0,1
-0.28,125.35,10,1514772273.0,3
-3.51,119.1,22,1514773077.0,1
-6.9,106.83,10,1514778023.0,1
-9.48,118.11,22,1514796923.0,1
-7.66,119.28,19,1514797554.0,2
-9.82,124.25,10,1514798162.0,1
-7.96,116.84,288,1514798736.0,4
-8.49,121.3,181,1514799158.0,4
0.27,121.83,170,1514803114.0,1
1.01,132.52,10,1514803614.0,1
-8.3,123.53,10,1514806343.0,1
-0.2,125.41,10,1514820489.0,1
-0.01,122.55,158,1514821692.0,1
-9.62,115.48,17,1514832050.0,1
-7.31,128.29,196,1514832464.0,3
-8.29,119.99,172,1514834489.0,2
4.56,124.45,10,1514834823.0,2
-9.98,124.96,18,1514839972.0,1
0.29,122.48,12,1514850365.0,1
1.4,99.7,185,1514851916.0,3
-9.32,122.43,14,1514861456.0,1
3.72,126.58,12,1514861581.0,2
-6.52,129.86,172,1514868873.0,3
-8.74,118.35,92,1514874225.0,1
-8.68,118.36,106,1514875478.0,1
2.34,98.93,129,1514878831.0,1
-8.29,115.5,11,1514881989.0,1
-2.93,127.78,28,1514889187.0,2
-0.02,123.52,120,1514890031.0,4
0.74,120.3,12,1514899851.0,1
-0.15,123.55,12,1514900848.0,1
-7.02,107.77,295,1514901513.0,1
-7.62,128.39,10,1514902456.0,3
-5.27,104.51,82,1514910267.0,1
-3.02,127.74,57,1514910904.0,1
-11.59,117.64,10,1514914834.0,3
2.88,124.36,338,1514915071.0,2
-7.47,106.66,36,1514916909.0,1
2.36,127.24,16,1514918314.0,2
-9.96,116.59,10,1514919520.0,2
-0.72,131.45,14,1514921768.0,1
-3.22,128.16,14,1514922480.0,1
-8.88,124.0,12,1514925092.0,1
1.45,124.61,29,1514925430.0,2
0.34,121.88,188,1514925944.0,1
-7.36,106.84,110,1514926147.0,1
-8.22,110.61,26,1514926359.0,1
-7.9,119.27,139,1514928144.0,1
-9.39,118.64,19,1514928352.0,1
-8.89,116.87,10,1514931379.0,2
-8.88,116.89,10,1514934849.0,1
4.49,127.0,10,1514947159.0,4
1.15,121.77,13,1514949811.0,1
-9.37,115.32,33,1514950572.0,1
-8.73,110.27,27,1514951792.0,1
-7.84,118.97,22,1514952780.0,1
0.26,122.48,10,1514954669.0,1
3.93,126.64,10,1514959968.0,2
-11.31,117.97,10,1514963564.0,1
-5.69,103.45,41,1514965575.0,3
-2.39,121.06,10,1514966352.0,1
-5.93,104.67,41,1514968855.0,1
-6.35,128.11,255,1514971711.0,2
-10.36,109.91,21,1514976062.0,3
0.38,121.74,90,1514979633.0,1
-0.1,124.58,23,1514988912.0,3
3.73,126.7,29,1514994103.0,3
-3.45,135.46,83,1514997206.0,4
1.16,125.47,40,1515000084.0,2
2.0,121.14,43,1515000871.0,4
-9.51,113.46,10,1515001476.0,2
-9.35,113.5,30,1515009176.0,2
-8.23,120.03,158,1515009880.0,1
-3.02,102.99,219,1515021304.0,3
-2.69,119.16,10,1515023057.0,1
-9.39,117.19,27,1515023726.0,1
0.97,127.12,45,1515029365.0,3
1.58,122.94,16,1515030196.0,1
-2.76,129.51,99,1515034539.0,1
-5.96,102.46,49,1515037162.0,4
-8.79,117.0,23,1515039015.0,1
-8.84,123.01,120,1515047193.0,4
-9.86,124.19,10,1515051528.0,1
-8.79,116.91,145,1515052783.0,2
-1.22,101.02,153,1515056046.0,4
-7.35,120.36,561,1515058362.0,3
3.7,126.69,15,1515059130.0,3
-6.51,130.07,129,1515061864.0,3
-6.65,104.91,26,1515064111.0,1
-9.53,118.04,24,1515064139.0,2
-4.3,126.11,322,1515065504.0,2
-8.65,124.47,10,1515070508.0,1
-0.43,123.09,65,1515072504.0,1
-9.91,118.89,10,1515073428.0,1
-8.39,121.35,14,1515074388.0,1
0.05,97.99,47,1515082484.0,3
-0.19,97.71,18,1515083219.0,2
-9.73,118.58,14,1515084304.0,2
0.11,122.54,10,1515084607.0,1
4.24,126.7,39,1515087457.0,3
0.66,120.61,27,1515087705.0,1
-7.61,119.32,271,1515090013.0,2
-1.2,120.41,10,1515095257.0,3
0.17,119.99,10,1515095936.0,1
-0.88,121.79,10,1515100814.0,1
0.86,121.49,10,1515101171.0,1
-9.21,116.37,54,1515101724.0,1
-10.01,114.1,13,1515105205.0,3
-1.27,119.96,10,1515106478.0,1
-1.26,120.66,10,1515118209.0,1
-0.89,131.15,10,1515120093.0,1
-2.81,128.12,10,1515126222.0,3
-1.09,100.43,10,1515133274.0,2
-0.02,122.93,165,1515133334.0,3
0.0,97.98,40,1515133415.0,1
0.34,123.41,37,1515135829.0,1
-8.8,111.07,10,1515149419.0,2
0.74,127.43,10,1515196486.0,1
-8.95,110.41,30,1515202595.0,2
0.58,122.1,86,1515208604.0,1
0.3,98.59,55,1515209199.0,4
-8.43,107.57,11,1515213669.0,2
0.34,122.77,141,1515216717.0,1
-7.44,129.34,191,1515216818.0,4
3.97,126.72,10,1515221574.0,5
1.16,126.43,10,1515222339.0,1
0.82,127.41,10,1515222458.0,2
1.1,100.08,202,1515224360.0,2
0.77,125.37,53,1515227985.0,5
1.21,122.0,13,1515229454.0,2
-9.3,123.78,90,1515230867.0,1
-9.69,105.77,10,1515232512.0,2
4.35,126.82,13,1515234889.0,2
4.02,126.66,16,1515235118.0,2
4.35,126.99,10,1515235762.0,3
4.03,126.86,10,1515236084.0,3
4.24,126.78,10,1515236505.0,3
4.17,126.72,47,1515238511.0,5
-8.32,119.66,158,1515241729.0,1
-8.07,118.04,10,1515243054.0,1
4.61,126.9,10,1515244060.0,4
-8.12,121.69,260,1515248259.0,3
-9.59,117.34,13,1515256499.0,1
-0.91,131.15,10,1515256963.0,1
-9.9,118.83,12,1515263566.0,1
-4.27,134.24,32,1515270017.0,4
-1.39,120.34,10,1515282419.0,1
-4.61,129.49,208,1515287925.0,2
4.11,126.69,14,1515288769.0,3
-5.71,129.31,354,1515290348.0,3
2.46,96.07,54,1515296749.0,1
0.93,121.83,30,1515297942.0,1
4.25,126.71,11,1515298547.0,3
0.13,122.35,98,1515298907.0,1
-8.61,118.31,123,1515308168.0,1
-0.99,131.19,17,1515310344.0,1
-1.42,120.41,10,1515311202.0,1
4.09,126.6,10,1515311464.0,3
-7.92,117.3,30,1515316729.0,1
-3.51,131.37,68,1515317349.0,1
-3.44,131.35,52,1515318183.0,1
0.1,121.94,157,1515322965.0,1
-1.35,120.4,10,1515328966.0,1
1.81,122.34,36,1515333436.0,1
-6.73,104.86,20,1515333829.0,2
0.1,98.77,10,1515334225.0,1
1.8,96.95,41,1515341386.0,3
-8.24,117.56,239,1515344365.0,1
-3.39,131.25,28,1515347835.0,2
4.28,94.89,10,1515353412.0,4
-8.59,119.03,10,1515355143.0,1
-9.95,124.2,10,1515357880.0,1
0.47,121.64,65,1515360885.0,1
-6.51,104.77,10,1515369786.0,2
0.33,122.78,10,1515370543.0,1
-0.11,132.73,24,1515373513.0,2
-8.99,114.96,10,1515373714.0,1
0.44,121.29,65,1515373768.0,3
-3.29,131.2,20,1515374025.0,3
-8.69,118.35,113,1515374741.0,1
-2.96,118.62,10,1515374768.0,1
-8.46,108.44,21,1515374987.0,2
-0.8,130.99,10,1515376627.0,1
-9.08,121.99,10,1515377301.0,1
-3.4,131.15,49,1515378186.0,1
1.91,123.9,287,1515378706.0,3
-9.58,117.51,24,1515382205.0,2
-3.66,138.37,62,1515382865.0,3
3.24,128.18,128,1515388435.0,3
0.05,122.23,122,1515391263.0,1
0.52,121.17,58,1515392016.0,1
0.86,122.63,23,1515392710.0,1
-7.91,118.75,14,1515392894.0,1
0.9,122.71,50,1515395294.0,1
2.83,126.81,50,1515395389.0,5
-1.28,120.42,10,1515400715.0,1
2.55,95.78,16,1515401464.0,4
1.02,121.05,10,1515412480.0,1
-2.31,128.11,65,1515415570.0,2
-6.88,129.83,201,1515417443.0,4
0.61,122.3,52,1515418640.0,1
0.59,121.87,173,1515423434.0,1
1.87,121.86,10,1515424272.0,1
-0.3,124.84,10,1515425384.0,2
-9.23,114.54,139,1515426788.0,1
1.27,121.34,10,1515444968.0,1
-5.46,103.46,26,1515446236.0,1
-3.87,133.77,18,1515451206.0,3
-2.45,120.96,10,1515451362.0,1
-3.56,131.42,17,1515453153.0,3
-5.79,131.04,76,1515462870.0,3
-10.42,112.26,10,1515464398.0,3
-10.89,112.2,10,1515464623.0,3
-4.2,129.43,149,1515469404.0,2
-7.81,122.2,301,1515475906.0,2
-3.59,119.26,12,1515478266.0,1
-0.5,125.53,12,1515481363.0,3
3.87,127.13,10,1515481946.0,3
-2.76,129.49,67,1515486961.0,2
0.22,125.92,56,1515488323.0,2
0.4,120.66,81,1515492950.0,1
-8.72,118.12,10,1515493085.0,1
-8.71,118.13,10,1515493172.0,1
3.07,126.44,31,1515495510.0,2
-7.81,118.1,29,1515496468.0,1
0.57,122.04,89,1515500598.0,2
-10.01,119.2,13,1515520677.0,2
1.01,123.25,10,1515522624.0,1
-0.71,131.06,10,1515524657.0,1
-2.36,102.3,185,1515527007.0,2
-11.25,115.02,10,1515529636.0,4
-0.38,125.58,10,1515530309.0,3
-9.65,123.06,17,1515530508.0,1
-7.75,106.64,59,1515532320.0,1
-7.04,105.75,48,1515534332.0,2
-10.23,116.41,26,1515534924.0,2
1.36,128.63,10,1515535183.0,3
0.12,125.89,10,1515535713.0,1
-7.49,106.82,100,1515550674.0,1
-0.02,122.14,110,1515552661.0,1
4.29,94.98,58,1515557315.0,3
2.3,126.8,49,1515559257.0,4
-8.28,120.21,181,1515559962.0,2
-10.66,112.22,10,1515561330.0,3
-0.38,123.18,51,1515562133.0,1
-0.01,126.8,29,1515562560.0,1
-10.5,112.29,10,1515562855.0,3
1.78,122.38,28,1515564260.0,1
-8.91,109.11,26,1515564780.0,4
-7.91,117.58,297,1515565184.0,2
-9.59,121.89,16,1515565964.0,2
-8.87,116.91,12,1515566736.0,1
1.36,125.74,22,1515568156.0,1
-0.59,130.83,31,1515568764.0,1
-5.21,130.06,217,1515570713.0,2
-8.48,117.94,146,1515571511.0,2
-1.08,130.84,10,1515572033.0,1
-0.59,131.24,10,1515572155.0,1
-3.31,127.01,10,1515573739.0,1
0.91,125.47,18,1515576965.0,1
-8.62,118.14,10,1515580362.0,1
-0.93,130.57,12,1515580409.0,1
-0.15,130.39,53,1515581522.0,1
-3.36,127.0,10,1515582123.0,1
-7.9,117.47,11,1515582383.0,3
-0.76,131.46,10,1515583413.0,1
-3.35,135.4,72,1515589179.0,2
1.18,98.91,87,1515592417.0,3
1.3,121.38,10,1515601916.0,1
-3.33,99.48,43,1515604929.0,3
-9.72,121.58,104,1515611025.0,4
-4.98,127.05,33,1515611980.0,3
-4.23,129.62,10,1515615828.0,2
1.22,121.74,16,1515627027.0,1
-0.47,131.84,10,1515638304.0,2
-2.42,121.3,10,1515638541.0,1
-7.52,128.66,174,1515638591.0,4
-4.43,129.78,174,1515641460.0,3
-7.25,106.8,84,1515642448.0,2
-8.85,118.94,101,1515642475.0,2
3.92,126.6,29,1515645379.0,3
1.18,121.76,10,1515650946.0,1
-8.64,118.33,120,1515654229.0,3
0.93,121.16,32,1515655394.0,1
-9.1,117.68,36,1515667085.0,2
-3.28,131.03,26,1515669563.0,2
0.5,122.33,71,1515670442.0,3
-0.26,122.78,10,1515672503.0,1
1.47,122.2,10,1515674775.0,2
3.23,98.3,110,1515675892.0,3
1.7,126.13,10,1515679814.0,3
0.6,122.32,58,1515679968.0,1
-0.98,131.06,11,1515683844.0,1
0.01,126.98,103,1515684349.0,2
-0.04,122.98,146,1515685747.0,1
1.84,126.46,10,1515696547.0,3
1.76,98.27,15,1515698298.0,1
-9.38,114.14,10,1515706937.0,2
-0.24,99.45,10,1515710279.0,1
-5.51,129.31,274,1515712394.0,4
1.05,124.08,10,1515715776.0,1
-0.11,123.11,98,1515716629.0,1
0.5,98.1,21,1515718235.0,3
-3.34,131.22,32,1515727498.0,3
-8.48,123.82,10,1515737368.0,1
-3.49,134.4,49,1515740279.0,2
0.97,121.99,29,1515741056.0,1
-3.59,127.82,12,1515746727.0,1
-0.11,122.84,140,1515749092.0,1
2.69,128.47,236,1515750646.0,3
-10.13,122.88,65,1515768544.0,4
-6.61,129.46,25,1515777094.0,4
-8.62,116.28,57,1515780662.0,1
0.78,121.26,10,1515782592.0,1
2.55,98.98,151,1515785996.0,2
-0.61,131.45,13,1515787701.0,1
-0.48,124.11,10,1515788003.0,1
-9.91,121.74,53,1515789249.0,1
-0.48,125.15,10,1515791773.0,1
-1.81,129.94,10,1515796245.0,1
-2.56,126.86,10,1515796691.0,3
0.07,123.41,13,1515797537.0,1
-7.84,128.67,10,1515797591.0,4
-0.44,125.29,10,1515797961.0,2
-3.66,101.67,10,1515799056.0,2
-5.06,102.96,69,1515802286.0,4
1.86,98.57,10,1515811112.0,1
-7.73,123.97,227,1515820145.0,1
-1.29,120.48,10,1515821335.0,1
-8.32,109.03,29,1515823312.0,1
-9.09,111.88,60,1515824495.0,2
5.33,94.38,93,1515826977.0,4
-0.28,122.95,20,1515827757.0,1
-7.85,107.3,27,1515833817.0,2
3.6,126.81,14,1515847379.0,2
0.09,132.35,10,1515855539.0,1
-8.35,119.58,10,1515856626.0,1
-0.32,126.91,23,1515857088.0,1
-0.67,127.92,58,1515857284.0,1
0.36,122.03,24,1515865760.0,1
-0.43,119.28,44,1515866047.0,1
-9.68,115.97,18,1515868377.0,1
-8.6,124.83,10,1515870894.0,1
-4.17,123.36,60,1515875857.0,3
-6.21,130.61,172,1515875964.0,2
-0.13,123.02,96,1515876078.0,1
0.46,122.46,11,1515877907.0,1
-9.43,117.74,26,1515879768.0,1
-9.38,117.78,25,1515879894.0,1
-3.72,101.52,45,1515880438.0,3
-0.08,123.02,139,1515886713.0,1
-0.31,122.84,55,1515890869.0,1
1.48,126.59,10,1515892128.0,2
-10.47,118.62,103,1515901855.0,3
-0.6,123.98,13,1515903500.0,2
-7.18,129.71,162,1515909006.0,3
-0.05,123.36,116,1515910815.0,1
-8.17,108.1,26,1515911672.0,1
-8.82,123.96,94,1515923982.0,1
-6.44,103.24,64,1515931915.0,3
-0.56,122.95,49,1515935128.0,1
0.65,122.21,84,1515935830.0,1
1.6,126.0,82,1515941087.0,4
-8.48,111.51,11,1515942416.0,1
1.34,121.57,10,1515943404.0,1
2.52,128.07,127,1515950005.0,3
-8.88,117.02,15,1515950174.0,1
-0.22,133.14,10,1515952012.0,1
0.51,123.64,242,1515972711.0,5
-4.81,102.61,36,1515979434.0,3
0.36,121.16,10,1515982681.0,1
-3.0,127.98,19,1515985551.0,3
-4.89,102.79,33,1515988796.0,2
-9.36,114.82,10,1515988962.0,1
-4.85,131.31,10,1515989595.0,2
-0.32,122.95,12,1515990974.0,1
-8.83,122.0,10,1515993268.0,1
-3.01,128.04,10,1515999785.0,1
0.23,97.52,14,1516000374.0,1
-9.6,107.44,27,1516000501.0,4
-8.94,124.1,108,1516001848.0,2
1.41,99.44,10,1516005598.0,1
-8.78,123.18,141,1516006542.0,2
-2.87,135.65,16,1516006840.0,3
-5.72,110.38,529,1516007470.0,4
-11.01,116.17,10,1516009634.0,2
0.53,99.32,265,1516009796.0,1
0.17,125.88,10,1516010914.0,1
-9.28,123.64,50,1516010944.0,1
1.67,120.97,10,1516011481.0,1
-0.04,123.25,144,1516012199.0,1
-3.26,104.14,338,1516013558.0,4
0.25,97.36,37,1516014889.0,1
0.22,125.94,35,1516015409.0,1
-0.35,123.15,10,1516016553.0,1
0.68,121.59,72,1516018078.0,1
-0.89,130.89,10,1516018390.0,1
-1.25,98.88,27,1516019483.0,1
-7.41,107.72,10,1516020039.0,1
-6.0,106.3,14,1516021422.0,1
0.28,121.51,127,1516026558.0,1
-9.33,124.29,19,1516028252.0,1
-7.86,105.93,10,1516031891.0,1
-0.27,121.98,13,1516033865.0,1
-2.75,127.83,29,1516038294.0,1
-3.47,126.7,38,1516050325.0,3
-9.41,107.32,10,1516087732.0,2
-1.29,120.66,10,1516090660.0,1
-9.21,119.06,73,1516090807.0,2
0.25,129.57,10,1516092025.0,2
2.38,98.96,141,1516092784.0,2
-9.73,122.54,94,1516100489.0,2
-9.75,124.44,43,1516103574.0,2
-7.66,106.72,27,1516106624.0,1
0.06,125.85,10,1516109647.0,2
4.43,96.53,10,1516112295.0,2
-9.65,122.99,91,1516115761.0,2
-8.98,117.86,16,1516118703.0,1
-9.3,117.48,47,1516127948.0,1
-8.92,124.02,20,1516128448.0,1
-8.77,120.45,130,1516128664.0,2
-8.27,115.46,10,1516131257.0,1
-2.18,119.03,11,1516132065.0,4
-3.17,127.21,52,1516132118.0,3
-0.45,119.82,10,1516137950.0,3
-8.72,119.2,137,1516152093.0,3
1.2,121.41,10,1516153447.0,2
-10.26,124.72,21,1516157787.0,1
5.0,94.3,47,1516170328.0,4
-7.19,129.54,177,1516174524.0,4
-9.06,124.37,10,1516177902.0,1
1.96,98.92,59,1516179562.0,1
-5.66,105.24,10,1516179805.0,2
-3.17,129.53,10,1516181716.0,2
-3.86,127.67,10,1516183935.0,1
-4.41,138.42,162,1516187982.0,4
-0.82,120.33,10,1516203157.0,2
-0.96,122.82,129,1516203734.0,1
0.58,98.19,17,1516207331.0,2
-7.01,127.07,400,1516212062.0,4
2.16,121.0,13,1516214463.0,3
-8.66,118.36,101,1516217668.0,1
-8.18,119.98,174,1516217941.0,2
-0.12,122.95,77,1516240302.0,1
-6.32,130.28,163,1516246845.0,4
-0.23,122.47,11,1516249165.0,1
-9.81,119.46,32,1516251908.0,2
4.0,126.73,59,1516252270.0,4
-6.35,101.93,10,1516252377.0,3
-3.65,101.3,10,1516252579.0,2
-7.94,117.59,22,1516253646.0,1
-3.88,131.75,101,1516260653.0,2
0.76,126.49,43,1516260716.0,3
-5.29,120.9,23,1516261418.0,1
1.68,123.02,26,1516263787.0,1
-0.08,97.9,37,1516269886.0,1
0.43,124.43,10,1516271173.0,1
-6.41,132.72,62,1516272520.0,5
-9.32,110.48,10,1516273407.0,1
-7.29,106.6,170,1516277280.0,1
-2.26,131.69,10,1516283129.0,1
-8.51,108.82,53,1516287246.0,1
0.29,122.12,27,1516293695.0,1
-0.1,121.59,18,1516297700.0,1
1.59,126.32,10,1516298631.0,4
0.15,124.04,105,1516305887.0,1
0.88,122.54,15,1516309948.0,1
-0.57,131.27,10,1516310934.0,1
0.86,121.81,160,1516311323.0,1
0.11,121.8,133,1516329364.0,1
-7.71,106.84,19,1516341227.0,1
-11.08,118.52,10,1516346004.0,2
-0.8,124.07,10,1516346255.0,1
-2.46,131.87,140,1516346741.0,1
-0.53,119.71,10,1516353146.0,1
-2.62,129.4,10,1516354187.0,1
0.16,123.81,127,1516358985.0,2
-7.58,106.74,27,1516360499.0,1
-1.33,99.19,83,1516362367.0,1
1.99,121.55,10,1516363301.0,1
-8.09,123.98,173,1516364834.0,1
1.35,97.06,28,1516366556.0,3
1.97,126.79,93,1516371272.0,2
1.78,126.41,77,1516371471.0,1
-1.32,120.46,10,1516371864.0,1
-0.1,123.25,144,1516386200.0,1
-7.82,108.04,51,1516388131.0,1
0.9,126.55,10,1516389513.0,2
-0.11,121.98,10,1516390394.0,1
-0.05,122.11,10,1516391588.0,1
-0.33,122.99,10,1516398265.0,1
-10.52,116.36,10,1516402907.0,1
1.09,126.9,104,1516407083.0,2
1.13,122.71,13,1516415394.0,1
-7.27,129.45,209,1516420816.0,3
-9.57,124.84,10,1516422742.0,1
-11.16,118.2,90,1516423963.0,2
-3.55,129.9,10,1516425233.0,2
-8.58,121.94,14,1516425236.0,1
2.29,128.42,10,1516425367.0,3
-6.59,128.5,294,1516428600.0,4
-4.51,128.17,14,1516428829.0,2
0.29,121.33,38,1516429729.0,1
-7.32,129.48,186,1516432492.0,3
-8.71,118.8,91,1516435625.0,1
0.45,121.59,110,1516441889.0,1
-8.16,116.74,28,1516442619.0,1
0.49,122.37,10,1516442739.0,1
1.15,98.93,76,1516460434.0,1
-7.84,128.08,134,1516461066.0,4
-7.38,107.19,98,1516461695.0,2
-11.3,116.31,10,1516463641.0,2
3.87,125.88,136,1516464151.0,2
-0.08,129.83,10,1516479665.0,1
-3.14,130.52,10,1516483387.0,1
-0.03,125.74,10,1516483611.0,1
-0.23,133.24,10,1516492542.0,3
-7.97,106.58,10,1516492685.0,2
-7.75,107.03,22,1516496483.0,1
-2.19,118.56,17,1516498764.0,1
0.33,120.66,12,1516502626.0,3
-1.63,100.68,35,1516503255.0,1
0.72,122.26,65,1516512152.0,1
-4.6,104.05,136,1516512459.0,3
-9.05,111.51,10,1516528484.0,2
-7.5,128.56,190,1516529526.0,2
-2.92,129.88,16,1516532323.0,2
-4.05,130.33,56,1516566173.0,3
-7.41,127.94,202,1516580112.0,4
-0.67,131.45,25,1516580538.0,1
-1.36,120.58,10,1516602944.0,1
-1.3,120.54,12,1516603548.0,2
-9.42,120.22,50,1516604879.0,3
-8.67,119.43,148,1516605173.0,2
-9.11,110.03,84,1516628997.0,4
-3.33,131.17,59,1516656333.0,3
-7.13,106.04,46,1516664094.0,5
-7.26,106.26,20,1516664314.0,3
-7.16,106.09,23,1516664458.0,3
-7.13,106.12,29,1516664550.0,2
-7.07,106.21,28,1516664634.0,1
-7.21,106.08,19,1516665006.0,3
-7.16,106.01,20,1516665164.0,3
-7.11,106.07,28,1516665830.0,2
-7.26,105.98,33,1516665913.0,1
-7.06,105.95,27,1516666592.0,1
-7.2,106.18,23,1516666718.0,1
-7.23,106.01,19,1516666988.0,1
-7.21,106.2,26,1516667110.0,1
-7.13,106.14,22,1516667545.0,2
-7.06,106.14,29,1516668370.0,1
-7.19,105.98,19,1516668785.0,2
-7.2,106.11,32,1516668971.0,4
-7.22,106.12,27,1516669130.0,3
-7.14,106.19,33,1516670176.0,1
-7.17,106.13,28,1516670425.0,1
-7.15,106.08,16,1516671489.0,1
-7.19,106.08,21,1516672232.0,1
-7.23,106.09,28,1516672515.0,3
-7.09,106.17,33,1516673081.0,1
-7.24,106.09,37,1516673708.0,3
0.52,119.54,10,1516673811.0,1
-7.25,106.12,32,1516674005.0,1
-7.27,106.09,32,1516675256.0,2
-8.97,111.16,10,1516677863.0,3
-9.54,117.75,26,1516680195.0,2
-1.88,129.05,10,1516680380.0,1
-7.21,106.12,33,1516680582.0,3
-7.22,106.05,29,1516684738.0,2
-7.13,106.15,33,1516686872.0,1
-7.21,106.08,41,1516687077.0,3
-7.16,106.05,32,1516687423.0,2
-8.22,118.26,178,1516687992.0,1
-7.15,106.15,36,1516689392.0,1
0.44,121.23,59,1516691170.0,1
2.73,125.73,152,1516691650.0,2
-7.14,106.08,32,1516692235.0,1
0.36,122.03,178,1516693197.0,1
-7.24,106.24,25,1516693722.0,1
-8.07,107.47,29,1516694319.0,1
1.85,126.69,10,1516695649.0,1
-8.62,117.14,151,1516696220.0,1
-9.13,118.59,93,1516696648.0,2
-9.38,115.13,38,1516697757.0,1
-7.17,106.15,28,1516698626.0,1
1.43,124.66,212,1516700408.0,1
-8.27,117.73,27,1516701308.0,1
-7.22,106.11,25,1516701886.0,3
-3.2,130.59,13,1516703910.0,5
-7.2,106.16,26,1516705224.0,1
-3.15,130.67,17,1516705428.0,1
-3.17,130.56,10,1516705684.0,1
-3.71,130.16,10,1516706265.0,1
-7.11,106.26,10,1516706483.0,1
-3.16,130.56,10,1516706531.0,1
-3.12,130.55,10,1516706845.0,1
-10.0,123.43,65,1516706888.0,1
-8.95,118.43,76,1516707377.0,1
-3.35,130.54,10,1516707797.0,1
-7.08,105.97,31,1516708140.0,1
-3.11,130.25,10,1516709009.0,1
-7.16,106.1,21,1516709253.0,2
-7.03,106.13,28,1516712516.0,1
-7.21,106.05,39,1516713089.0,2
-0.46,119.89,10,1516718387.0,1
-7.18,106.04,31,1516719135.0,2
-7.25,106.01,19,1516724965.0,1
-4.71,102.73,58,1516729214.0,5
-7.23,105.98,11,1516733342.0,3
0.49,97.94,35,1516745670.0,1
-7.21,105.99,46,1516750365.0,4
2.54,95.46,37,1516751827.0,5
1.61,127.24,125,1516766140.0,3
-7.16,106.01,17,1516766934.0,1
-7.23,106.08,27,1516772404.0,3
-11.27,117.55,10,1516773209.0,2
-0.99,121.24,10,1516773274.0,1
-1.19,127.07,10,1516779295.0,1
-7.13,106.12,47,1516780356.0,1
-7.57,105.52,58,1516783103.0,1
-9.38,107.2,13,1516793811.0,3
3.98,95.07,64,1516812318.0,2
1.77,126.51,12,1516819774.0,3
-4.43,102.17,10,1516827441.0,2
-8.21,123.23,198,1516844298.0,2
-1.27,130.94,10,1516845140.0,1
-6.56,106.55,10,1516850180.0,1
-0.11,125.26,18,1516857464.0,2
-3.33,131.2,30,1516857902.0,3
1.59,121.41,10,1516860001.0,1
-2.01,123.92,10,1516862018.0,4
-8.96,124.25,10,1516867148.0,1
-1.09,128.6,14,1516867316.0,2
-7.09,106.2,25,1516867917.0,1
0.75,100.05,10,1516871255.0,1
-0.42,132.19,24,1516874249.0,2
-2.1,126.18,30,1516875648.0,2
-0.26,123.03,86,1516877240.0,1
-0.2,132.17,88,1516879023.0,1
1.46,122.17,10,1516879896.0,1
-2.8,128.06,16,1516883027.0,2
0.66,121.2,23,1516887237.0,1
-7.11,106.08,19,1516898842.0,1
-0.04,123.16,135,1516899473.0,1
-0.23,122.93,55,1516900742.0,2
-4.2,129.31,17,1516905258.0,2
-3.14,130.58,10,1516911152.0,2
-1.37,120.57,10,1516913324.0,3
-1.19,119.87,10,1516915346.0,2
-1.48,119.96,177,1516916172.0,1
-7.19,106.05,30,1516916905.0,5
0.32,97.99,39,1516918034.0,1
-3.12,130.52,10,1516933162.0,2
-2.9,130.2,24,1516933974.0,1
-7.19,106.04,30,1516936370.0,5
-9.52,110.14,10,1516936963.0,2
-1.13,126.86,21,1516938227.0,5
-4.32,134.17,18,1516940327.0,4
-7.37,106.9,96,1516945202.0,1
-1.07,126.8,10,1516945667.0,1
-7.25,105.9,10,1516946494.0,2
-1.23,126.98,12,1516950486.0,1
-7.28,106.15,25,1516952594.0,1
-3.1,130.51,13,1516953239.0,2
-8.17,118.83,10,1516953307.0,2
-4.75,102.62,49,1516960610.0,2
0.39,124.45,96,1516961348.0,2
-1.17,126.79,10,1516968337.0,2
-8.01,106.96,31,1516996440.0,1
-3.1,130.55,10,1516996775.0,1
-7.13,106.06,21,1516998961.0,2
-6.41,130.54,142,1517008274.0,4
0.64,119.94,10,1517009598.0,2
3.09,97.37,29,1517015066.0,1
-7.63,108.99,175,1517015484.0,2
-0.74,124.34,21,1517035249.0,2
-8.59,118.76,125,1517042571.0,4
-1.28,120.77,10,1517067312.0,2
3.7,96.38,34,1517068398.0,4
-9.95,119.2,37,1517069947.0,3
0.76,122.65,16,1517071189.0,1
-9.91,119.25,22,1517074118.0,3
0.67,97.26,31,1517078247.0,1
0.44,122.01,182,1517100459.0,1
0.59,123.68,234,1517101016.0,1
-7.86,106.16,10,1517104973.0,1
-8.77,123.25,11,1517105100.0,1
-7.01,106.2,19,1517114580.0,1
-1.81,99.68,10,1517115165.0,2
-3.18,119.68,18,1517132919.0,1
-3.2,130.55,10,1517144716.0,2
-3.17,130.53,16,1517148859.0,2
-6.01,105.47,10,1517164224.0,1
-5.6,131.06,67,1517165283.0,4
0.73,121.48,32,1517177669.0,1
-6.66,105.32,120,1517182539.0,4
-9.55,118.8,34,1517183697.0,2
-3.14,130.54,10,1517190132.0,2
-0.16,123.23,143,1517198864.0,1
-9.85,124.52,50,1517198927.0,1
-0.13,123.4,126,1517202327.0,1
-3.09,130.55,10,1517209269.0,2
0.41,122.09,181,1517210089.0,1
0.05,131.86,19,1517214279.0,2
-2.48,121.37,10,1517214404.0,2
-2.78,139.52,82,1517217952.0,5
0.28,121.62,149,1517220526.0,1
3.09,128.85,13,1517220793.0,4
-7.69,112.59,182,1517224442.0,1
-6.54,105.34,19,1517227414.0,3
-7.09,106.1,33,1517231219.0,1
-2.49,121.28,10,1517237985.0,1
-7.15,106.06,31,1517241767.0,1
-4.22,102.45,32,1517243957.0,3
0.54,98.56,10,1517263231.0,3
-8.81,116.03,100,1517275401.0,1
-7.2,106.23,25,1517276462.0,1
-7.94,107.0,28,1517276562.0,2
-8.18,108.35,39,1517281037.0,1
-6.01,130.62,91,1517284635.0,3
-1.53,105.55,10,1517289410.0,2
-6.45,104.59,25,1517290165.0,3
-7.45,128.64,139,1517291555.0,4
-8.23,118.66,180,1517294197.0,3
-6.99,129.9,182,1517301424.0,3
-9.36,114.16,42,1517301674.0,1
0.49,123.63,219,1517302125.0,1
-11.59,122.33,13,1517302550.0,3
0.4,125.25,10,1517305314.0,1
0.61,122.01,71,1517309093.0,1
-5.78,103.65,10,1517309695.0,3
-1.39,120.69,10,1517312853.0,1
-9.46,112.83,10,1517313888.0,1
-7.57,128.17,205,1517314505.0,3
-1.45,99.74,10,1517316106.0,1
-6.91,130.18,149,1517316351.0,4
-0.83,131.25,20,1517316979.0,1
-0.34,100.48,10,1517317321.0,1
1.1,98.76,82,1517326835.0,1
1.54,100.97,10,1517327442.0,2
-1.75,100.43,82,1517328911.0,1
-0.17,122.86,14,1517328913.0,1
2.06,96.5,41,1517329923.0,1
-7.9,118.78,28,1517334935.0,4
-7.9,118.81,26,1517338833.0,5
-7.88,118.74,33,1517353275.0,2
2.34,98.83,24,1517361619.0,1
-8.54,114.0,10,1517369623.0,1
-8.27,119.49,10,1517379957.0,2
0.4,125.27,10,1517381711.0,2
-9.59,116.35,10,1517391229.0,2
-1.89,100.7,10,1517403303.0,3
-9.33,113.89,12,1517409915.0,2
-3.17,130.55,10,1517411043.0,1
-8.2,117.64,19,1517412956.0,3
-1.03,121.2,10,1517439169.0,1
-4.64,125.43,488,1517440840.0,3
-4.61,125.38,486,1517440840.0,3
0.19,97.59,15,1517447141.0,1
-0.31,125.35,10,1517452735.0,3
-1.29,120.49,10,1517479262.0,2
-3.22,130.52,10,1517479565.0,1
-7.8,106.46,14,1517485627.0,3
3.39,126.01,51,1517486784.0,2
-0.19,124.61,10,1517491226.0,1
-8.29,116.73,13,1517497360.0,3
-6.53,128.63,319,1517498887.0,4
-0.16,125.2,58,1517505642.0,5
-0.24,125.21,26,1517507274.0,2
0.86,126.36,10,1517518535.0,2
-5.25,133.96,27,1517525013.0,5
-7.95,115.84,21,1517525953.0,4
-8.99,123.38,97,1517527352.0,2
-6.27,130.44,184,1517532176.0,4
0.08,124.4,28,1517534067.0,1
-0.84,131.06,10,1517551085.0,1
-9.62,117.38,19,1517551208.0,2
0.99,126.12,12,1517554761.0,2
-2.28,125.92,10,1517556782.0,1
-8.09,106.03,10,1517557382.0,1
-7.63,128.44,171,1517559101.0,3
-2.66,127.2,24,1517559898.0,1
-8.36,115.97,10,1517559976.0,1
1.04,118.86,13,1517560912.0,1
-0.43,122.97,13,1517565476.0,1
-1.22,126.97,10,1517566039.0,2
5.32,96.18,10,1517568178.0,2
-1.58,130.73,10,1517569344.0,1
-10.26,117.51,10,1517571502.0,2
-9.35,114.01,13,1517573462.0,1
-0.65,131.16,17,1517574677.0,1
-1.31,120.54,10,1517575914.0,2
-7.6,128.71,126,1517585154.0,4
-2.71,127.82,10,1517593238.0,1
-11.34,117.59,22,1517594335.0,2
-7.07,106.46,35,1517595133.0,1
0.33,120.65,16,1517602811.0,1
-7.59,121.21,424,1517602907.0,2
-3.14,99.33,33,1517606758.0,2
-6.92,129.63,166,1517606968.0,4
-6.17,119.67,10,1517607881.0,4
-2.71,128.92,18,1517613256.0,2
-9.31,112.86,29,1517623765.0,1
-0.51,124.49,10,1517625398.0,2
1.22,126.13,12,1517628005.0,2
-7.69,127.78,146,1517639821.0,4
-6.37,130.49,248,1517642453.0,4
2.13,96.38,12,1517644446.0,2
-0.05,99.26,10,1517651320.0,1
0.58,121.75,76,1517655337.0,1
-0.8,131.04,10,1517655709.0,1
1.02,126.34,21,1517656331.0,1
-9.26,124.8,11,1517664848.0,1
-7.19,106.19,39,1517664996.0,1
-7.26,105.95,10,1517665758.0,4
1.23,98.97,88,1517673044.0,3
1.08,97.55,19,1517673622.0,1
-1.27,99.68,40,1517675033.0,4
-0.75,131.26,10,1517676314.0,1
-0.24,122.54,10,1517680019.0,1
-1.77,130.49,10,1517692115.0,1
-7.87,107.36,21,1517693382.0,1
-8.47,117.31,105,1517693393.0,1
-7.71,127.69,137,1517695217.0,3
1.86,122.35,109,1517696205.0,1
-6.29,103.59,22,1517696473.0,2
-7.81,120.49,54,1517700861.0,1
-4.19,133.65,10,1517700964.0,3
-2.01,126.77,10,1517704646.0,2
-8.3,123.1,233,1517708804.0,2
-8.87,112.58,69,1517714171.0,1
0.82,122.74,14,1517715881.0,1
-7.99,108.61,87,1517719387.0,1
-0.95,130.62,14,1517722762.0,1
1.5,98.93,93,1517726025.0,1
-3.95,102.44,10,1517727147.0,1
-0.74,131.18,10,1517727318.0,1
-7.16,107.33,105,1517729969.0,1
-0.4,123.01,60,1517731219.0,1
-10.77,112.19,10,1517731618.0,2
-8.89,118.86,27,1517732354.0,1
-8.66,109.94,13,1517733031.0,1
-0.6,122.49,12,1517733450.0,2
-8.45,108.43,19,1517734433.0,1
1.85,121.96,10,1517734680.0,1
-0.77,99.47,10,1517735696.0,1
-7.8,118.81,22,1517738986.0,1
0.74,97.74,10,1517739100.0,1
1.6,127.27,111,1517739824.0,2
0.84,121.59,36,1517742182.0,1
1.01,120.47,10,1517743568.0,1
-1.05,100.17,61,1517746133.0,1
2.15,97.88,52,1517747146.0,1
-9.14,122.11,86,1517747331.0,1
-9.09,122.49,136,1517748905.0,5
0.68,124.26,25,1517750734.0,1
-2.27,126.83,25,1517755194.0,1
-6.06,122.75,10,1517764333.0,2
-4.25,102.41,37,1517769102.0,3
-2.17,101.76,157,1517770605.0,2
-3.98,130.08,27,1517777996.0,2
-5.19,129.98,224,1517779488.0,3
-8.1,123.99,176,1517782532.0,1
-7.29,106.88,10,1517788339.0,1
-7.12,106.15,30,1517788577.0,1
1.1,99.01,110,1517789839.0,2
-8.43,119.58,153,1517790933.0,1
-9.03,124.01,110,1517791529.0,1
-4.91,103.04,51,1517792773.0,2
-5.81,103.77,10,1517797268.0,1
-5.26,106.07,280,1517798189.0,3
1.29,121.37,13,1517811917.0,1
3.4,96.08,10,1517814612.0,2
0.95,121.39,10,1517815391.0,1
-6.12,119.76,10,1517815933.0,1
-7.22,107.72,12,1517818851.0,1
-3.81,129.61,54,1517832658.0,1
0.84,122.52,36,1517832999.0,1
-11.36,118.59,10,1517837644.0,2
-8.5,118.86,10,1517838723.0,1
-1.17,126.86,10,1517850526.0,2
0.13,122.22,125,1517853801.0,3
-7.55,128.46,145,1517854146.0,4
2.97,127.46,22,1517854495.0,3
-2.97,119.61,10,1517854845.0,1
-2.65,119.35,10,1517867199.0,1
-6.44,105.79,127,1517868008.0,1
-4.01,118.93,25,1517869341.0,2
-7.47,128.48,147,1517869988.0,4
-9.42,120.25,70,1517870034.0,1
0.59,126.14,10,1517876205.0,3
4.5,95.14,10,1517878393.0,3
1.45,123.06,10,1517884467.0,2
1.89,126.67,30,1517886525.0,3
1.03,121.9,10,1517888811.0,1
-8.14,106.86,10,1517889862.0,1
-11.47,114.24,88,1517900815.0,2
-8.66,117.9,10,1517902027.0,1
-8.67,117.93,10,1517902155.0,1
-0.6,122.41,10,1517904458.0,1
0.69,122.2,58,1517915356.0,1
0.47,126.59,10,1517917929.0,1
-0.68,131.49,26,1517918861.0,1
-0.21,125.64,10,1517918904.0,1
-0.23,125.63,10,1517921914.0,2
-2.8,102.32,174,1517922029.0,2
0.74,98.39,10,1517925194.0,1
-5.27,104.59,78,1517927057.0,1
-1.34,120.45,20,1517927252.0,2
-1.04,100.54,86,1517927606.0,1
-7.81,119.01,47,1517928247.0,1
-6.26,130.58,10,1517930376.0,3
0.65,121.74,75,1517931172.0,1
-8.68,116.93,150,1517951943.0,4
-0.57,131.26,10,1517979463.0,2
-7.44,128.19,211,1518007022.0,3
1.46,126.95,103,1518009778.0,4
-10.22,118.76,13,1518017320.0,4
-8.14,120.06,177,1518018888.0,2
-7.59,106.68,23,1518021782.0,2
-3.11,127.5,14,1518028407.0,3
-9.94,118.76,20,1518043791.0,1
-9.26,113.71,10,1518053500.0,2
-8.88,112.5,38,1518055849.0,1
-8.6,118.25,157,1518056446.0,1
4.68,96.23,10,1518058368.0,5
-9.21,119.01,27,1518058544.0,2
-0.77,98.55,12,1518059487.0,2
-8.31,110.33,75,1518064906.0,1
-1.01,99.78,91,1518069234.0,1
-9.98,118.84,20,1518080498.0,2
-2.32,121.48,10,1518081330.0,1
-0.25,124.55,29,1518089294.0,1
-3.25,127.95,44,1518089392.0,1
-5.79,105.57,19,1518090144.0,1
0.78,126.33,18,1518095649.0,2
-8.43,117.87,10,1518096502.0,1
-10.1,118.88,16,1518098131.0,1
-8.63,123.36,122,1518099126.0,2
-6.27,103.77,10,1518100361.0,1
-8.79,124.01,10,1518104700.0,1
-8.45,105.24,35,1518105725.0,2
-10.06,118.8,18,1518107987.0,1
-2.95,127.49,10,1518117753.0,3
1.69,95.34,70,1518120151.0,3
-0.09,123.73,96,1518122083.0,2
-3.03,127.63,22,1518123732.0,2
-7.77,117.2,17,1518123945.0,1
-2.93,100.75,38,1518124435.0,3
-7.75,117.25,17,1518124741.0,3
-3.91,130.44,126,1518131237.0,2
-0.26,123.76,112,1518132356.0,2
-8.93,113.68,14,1518135421.0,3
-2.44,121.41,10,1518143072.0,3
-2.61,126.76,10,1518148453.0,1
-6.04,104.61,67,1518148834.0,2
-0.19,123.43,137,1518151687.0,2
-1.71,99.33,78,1518155648.0,3
-2.89,127.33,70,1518157249.0,2
-9.11,123.85,72,1518158376.0,1
-10.37,124.61,24,1518161125.0,2
-7.57,128.37,114,1518168077.0,2
-8.77,111.81,43,1518169651.0,2
-9.49,124.08,55,1518170382.0,1
-6.82,125.12,530,1518177299.0,3
-2.63,105.01,10,1518179870.0,3
1.24,125.08,41,1518179978.0,1
-1.26,120.76,10,1518180330.0,1
-5.43,103.66,39,1518181003.0,2
-5.98,104.13,10,1518181722.0,2
-7.58,128.23,151,1518182264.0,4
-9.45,122.81,26,1518183250.0,1
-8.1,107.47,10,1518184869.0,1
-10.11,124.46,10,1518185257.0,1
0.84,124.18,255,1518185490.0,1
0.96,126.05,10,1518186131.0,2
-0.98,123.95,48,1518186464.0,1
-6.85,110.48,10,1518187104.0,1
-9.13,117.15,92,1518197479.0,5
-7.47,106.35,26,1518213406.0,2
-2.44,100.44,48,1518220928.0,1
-0.77,131.13,10,1518234019.0,1
-8.92,110.36,10,1518242545.0,2
-0.06,97.36,10,1518247116.0,1
0.93,126.85,15,1518247945.0,3
-1.69,132.61,10,1518250544.0,1
4.46,123.21,546,1518264082.0,3
-7.17,105.96,29,1518284179.0,2
-9.51,124.12,72,1518284298.0,2
-8.73,111.6,17,1518285939.0,2
-8.12,118.54,189,1518290376.0,1
-7.16,106.06,32,1518298558.0,1
-6.76,108.5,265,1518306532.0,4
-0.13,123.0,146,1518307060.0,2
2.13,128.38,78,1518307524.0,5
-10.0,118.81,10,1518314567.0,1
-8.4,116.64,285,1518315623.0,2
-8.3,120.28,189,1518329934.0,2
-2.44,120.96,10,1518334726.0,1
-0.55,121.82,10,1518336069.0,1
-0.14,123.33,114,1518339074.0,3
-5.08,102.38,18,1518340126.0,1
-9.61,118.26,20,1518345212.0,1
-8.91,114.59,52,1518347786.0,1
-0.56,121.89,12,1518349721.0,1
-9.62,113.9,25,1518351270.0,1
1.52,126.56,10,1518351632.0,2
2.87,126.61,45,1518353869.0,3
-2.64,126.04,10,1518354326.0,2
-8.5,108.66,62,1518371090.0,1
-8.3,117.97,158,1518372631.0,1
-8.41,119.7,171,1518377236.0,4
-9.13,107.55,10,1518380144.0,1
0.02,122.03,218,1518380969.0,1
-4.48,130.96,14,1518386370.0,3
-2.32,101.21,74,1518387364.0,2
-9.95,107.12,10,1518388381.0,2
-7.03,106.17,11,1518389362.0,1
2.89,97.51,17,1518390708.0,1
-3.53,127.38,29,1518398472.0,2
-9.51,115.12,21,1518403095.0,1
-9.29,106.8,10,1518403756.0,3
-2.14,100.62,60,1518404213.0,4
-8.26,117.96,170,1518406323.0,2
-0.08,125.03,13,1518417771.0,2
-5.99,102.61,44,1518424699.0,4
1.23,121.4,10,1518427906.0,1
-0.53,121.85,10,1518430776.0,1
4.7,96.3,13,1518431358.0,1
-0.09,123.19,150,1518432207.0,1
-9.12,110.31,11,1518432741.0,3
0.63,125.12,54,1518433051.0,1
-2.85,121.56,10,1518436394.0,1
0.46,122.08,169,1518436484.0,1
-4.86,101.05,49,1518437741.0,3
0.54,126.45,24,1518438088.0,1
-0.68,131.12,10,1518438228.0,1
-9.06,113.73,30,1518438230.0,1
-7.23,108.42,11,1518441447.0,1
-5.33,102.64,14,1518444832.0,1
-0.05,123.39,131,1518447281.0,1
-3.2,131.2,18,1518450162.0,1
-0.12,122.97,137,1518453570.0,1
2.98,124.43,319,1518455055.0,3
-8.95,117.22,124,1518455878.0,1
-9.48,126.29,73,1518457856.0,4
-9.74,116.89,10,1518457936.0,2
3.0,125.76,177,1518464066.0,4
-9.01,112.83,22,1518465322.0,2
0.45,126.22,10,1518468956.0,1
1.11,120.39,10,1518474801.0,1
1.79,127.19,27,1518474899.0,4
-7.38,123.37,526,1518475492.0,3
0.63,123.86,251,1518480617.0,3
-0.76,99.45,12,1518481300.0,2
4.22,126.85,10,1518494433.0,4
-9.38,118.1,39,1518495498.0,2
-2.79,120.93,36,1518501969.0,1
-6.28,130.45,133,1518502484.0,4
-1.77,121.12,10,1518502560.0,1
-9.03,122.48,72,1518506951.0,1
2.52,126.9,10,1518508267.0,3
-9.65,119.73,58,1518513602.0,1
-7.63,128.33,223,1518520585.0,3
-6.12,105.68,174,1518532004.0,4
-8.34,108.12,24,1518539521.0,2
-6.02,133.72,26,1518541531.0,5
0.28,96.82,48,1518559778.0,2
-0.12,97.31,14,1518561963.0,4
-7.18,106.88,10,1518566304.0,2
-9.05,119.03,35,1518570219.0,1
4.76,96.17,10,1518571589.0,1
-8.86,119.02,113,1518573926.0,1
-0.08,123.58,124,1518575326.0,1
-9.57,119.47,53,1518576698.0,1
-7.28,123.46,556,1518578345.0,3
-7.52,128.14,155,1518579729.0,4
-8.27,114.84,10,1518588263.0,1
-8.37,122.8,11,1518594816.0,1
-10.18,105.17,10,1518595556.0,2
0.36,126.53,15,1518596172.0,2
-6.34,103.67,10,1518612837.0,2
1.83,124.44,297,1518612919.0,1
-7.25,106.06,33,1518613859.0,2
-4.8,102.91,190,1518614450.0,2
3.71,96.59,33,1518614892.0,4
-1.3,120.55,10,1518618534.0,4
-8.62,125.43,10,1518622146.0,3
-1.29,120.46,10,1518622431.0,4
-1.76,100.44,55,1518629753.0,2
-7.05,106.48,129,1518649182.0,2
-9.99,119.27,18,1518682822.0,2
-9.39,114.86,42,1518684137.0,1
0.83,121.34,31,1518684713.0,1
0.37,122.07,120,1518687108.0,1
1.77,122.34,10,1518694516.0,2
-5.11,102.88,50,1518702113.0,4
-9.71,118.68,46,1518716282.0,1
-0.64,131.21,10,1518717624.0,1
-7.81,105.93,10,1518718451.0,2
-9.3,115.43,55,1518723433.0,4
-6.78,128.08,384,1518725836.0,4
-7.29,106.25,10,1518726084.0,1
-7.76,106.0,10,1518731778.0,3
-7.72,105.95,30,1518732784.0,4
-7.55,106.14,10,1518733631.0,1
-3.33,128.56,10,1518740936.0,2
-4.04,129.53,44,1518745221.0,5
-0.52,123.65,11,1518747399.0,1
-5.56,131.05,123,1518749349.0,3
-7.72,106.32,64,1518749692.0,2
-3.32,128.57,10,1518750033.0,2
-4.04,129.5,11,1518750431.0,4
-7.84,106.48,46,1518762489.0,5
-7.52,106.02,27,1518770398.0,1
-4.1,103.1,10,1518772439.0,2
-7.76,105.88,41,1518774763.0,4
-7.75,105.93,30,1518775440.0,2
-8.77,118.75,102,1518779852.0,2
-9.83,119.44,18,1518783123.0,3
0.48,121.66,67,1518783165.0,1
-5.36,119.77,29,1518795190.0,1
-8.92,117.71,10,1518795943.0,2
-0.26,121.95,21,1518797651.0,1
-9.63,117.7,79,1518802106.0,4
-7.66,128.08,124,1518807341.0,4
0.42,121.64,90,1518813794.0,2
3.43,126.84,55,1518820258.0,4
-0.58,133.82,59,1518831132.0,4
1.18,121.0,12,1518839176.0,1
-1.28,120.47,10,1518849900.0,2
4.13,95.54,18,1518850073.0,2
-1.29,120.58,10,1518858669.0,2
-6.01,105.46,10,1518859049.0,2
-5.98,105.45,10,1518859215.0,1
-4.54,102.61,26,1518859400.0,2
-6.23,133.22,47,1518860024.0,3
-8.89,111.48,29,1518864896.0,2
-9.15,111.73,26,1518865776.0,1
0.33,123.38,199,1518867374.0,1
-8.97,110.95,53,1518868588.0,4
-5.89,102.87,48,1518871937.0,4
-2.27,122.45,10,1518878440.0,3
-7.22,105.85,42,1518881102.0,3
-7.25,107.71,10,1518881620.0,1
-6.42,130.91,102,1518891730.0,4
-6.19,127.25,454,1518893290.0,4
-0.46,124.06,13,1518893955.0,2
0.63,122.19,82,1518897460.0,3
-3.46,101.72,30,1518900317.0,2
-9.07,118.38,59,1518902241.0,2
-7.57,106.72,29,1518903614.0,3
-4.91,130.49,130,1518904042.0,5
-6.03,100.89,10,1518912283.0,5
-6.87,105.44,10,1518914854.0,3
0.3,122.34,86,1518915539.0,3
-9.49,117.29,21,1518921089.0,3
-8.45,119.75,177,1518943389.0,3
-7.17,106.06,26,1518946539.0,1
-0.27,122.95,66,1518947084.0,3
-8.36,111.43,105,1518953848.0,2
-7.04,107.01,10,1518954272.0,1
-8.91,110.95,10,1518957363.0,2
-7.81,106.04,28,1518958009.0,1
-3.94,129.54,10,1518964734.0,1
-9.49,111.91,10,1518966317.0,2
-7.85,107.83,10,1518967282.0,1
-3.78,101.69,29,1518968116.0,1
-7.86,107.04,30,1518977263.0,1
3.17,98.32,10,1518980044.0,2
-6.86,108.01,10,1518988742.0,1
-7.96,117.36,10,1518993953.0,2
-9.12,116.32,56,1518995919.0,1
0.02,122.34,143,1519002562.0,1
-7.99,123.7,186,1519003860.0,2
-0.34,122.98,19,1519005362.0,1
-4.75,132.39,64,1519011517.0,5
3.18,128.1,140,1519016693.0,4
-7.16,106.1,32,1519021326.0,2
2.25,128.37,228,1519024914.0,3
1.77,124.3,296,1519028609.0,1
-8.36,118.62,199,1519029150.0,2
4.48,127.02,280,1519029736.0,3
-1.85,100.4,29,1519031048.0,3
-8.26,118.83,113,1519032663.0,1
-3.1,130.55,10,1519033680.0,2
-9.22,119.71,11,1519045401.0,2
-0.12,123.77,115,1519046809.0,2
-7.52,127.81,110,1519047129.0,3
-7.89,106.5,10,1519047393.0,2
0.81,99.95,178,1519070959.0,4
2.58,133.04,18,1519081022.0,4
2.7,133.22,41,1519081103.0,4
-9.01,115.67,82,1519084779.0,2
-8.95,112.75,30,1519089788.0,2
-8.34,124.72,50,1519090578.0,1
-0.02,122.82,142,1519091433.0,1
-4.5,103.75,166,1519092040.0,2
1.48,124.39,222,1519093767.0,5
-8.29,125.01,35,1519097841.0,1
-8.41,124.51,50,1519097998.0,1
-1.32,127.18,10,1519109103.0,1
1.16,99.49,10,1519112327.0,1
-5.66,103.4,10,1519112403.0,2
-8.64,108.1,20,1519114695.0,1
1.37,126.25,10,1519117967.0,1
2.07,126.47,10,1519124764.0,1
-3.21,127.38,31,1519125642.0,1
-0.28,123.05,10,1519127424.0,4
-5.45,103.72,21,1519133277.0,1
-8.06,106.75,13,1519135876.0,1
-7.15,125.36,543,1519140111.0,3
1.0,98.77,80,1519144849.0,4
-7.84,112.55,10,1519145131.0,1
-0.71,127.2,60,1519146252.0,5
-1.29,130.86,20,1519147193.0,1
-10.49,120.35,17,1519147988.0,3
-10.52,120.4,15,1519148468.0,2
-10.5,115.59,34,1519152282.0,4
-5.26,131.66,28,1519157089.0,3
-8.9,116.9,10,1519160722.0,1
-3.61,139.51,55,1519161233.0,3
-0.07,124.2,20,1519166029.0,1
1.12,126.77,21,1519167172.0,2
2.36,98.94,135,1519170651.0,2
-10.2,119.04,19,1519171874.0,1
2.33,98.95,132,1519175799.0,1
-8.23,125.46,10,1519180110.0,2
-0.1,123.2,135,1519180809.0,1
-2.85,120.01,23,1519187814.0,1
-6.77,105.43,18,1519189193.0,2
-8.74,118.96,104,1519195777.0,1
-7.25,129.48,194,1519199586.0,3
-8.53,108.32,52,1519210119.0,1
-6.82,130.16,157,1519211160.0,3
-3.44,129.83,13,1519212629.0,1
-2.51,128.69,22,1519213826.0,2
-8.97,112.79,12,1519213919.0,1
-6.81,129.49,196,1519214211.0,3
-5.43,103.56,35,1519216246.0,4
4.95,95.94,10,1519218793.0,2
4.49,96.27,11,1519220378.0,1
-4.06,130.32,93,1519221076.0,1
-7.63,128.34,199,1519221368.0,4
-8.64,119.69,159,1519221804.0,1
-5.66,103.57,52,1519222229.0,1
-9.32,125.56,10,1519223252.0,1
-0.07,123.46,141,1519227394.0,1
2.61,122.3,555,1519228440.0,2
1.04,121.76,31,1519229490.0,1
-8.81,111.02,10,1519229581.0,1
-7.93,107.88,28,1519231529.0,1
-9.46,117.9,24,1519231558.0,1
-2.86,100.37,38,1519244732.0,4
-9.08,111.23,12,1519246463.0,1
-4.28,126.35,339,1519248288.0,3
-0.05,126.95,98,1519250600.0,3
-8.89,118.11,16,1519251921.0,1
-7.05,105.26,10,1519252821.0,1
-3.17,130.75,24,1519258769.0,5
-3.18,130.77,17,1519258901.0,5
-3.11,130.69,10,1519259510.0,1
-3.2,130.68,10,1519260843.0,2
-8.57,118.44,18,1519261145.0,1
-3.11,130.73,13,1519261887.0,1
-9.16,111.22,10,1519269579.0,3
-9.71,119.93,44,1519270002.0,1
-3.16,130.73,10,1519271078.0,1
-3.0,128.21,10,1519272310.0,1
0.67,122.62,32,1519279968.0,1
-5.01,131.35,80,1519291445.0,4
1.94,126.36,10,1519294429.0,2
0.31,121.79,179,1519294725.0,1
0.73,121.92,77,1519296103.0,1
-8.13,107.67,26,1519335971.0,1
-5.37,129.72,193,1519345238.0,4
0.13,98.01,44,1519347333.0,1
-0.19,122.88,13,1519351148.0,1
-10.49,115.98,50,1519351635.0,1
1.38,126.73,19,1519352329.0,1
-8.7,115.53,97,1519353133.0,2
-8.27,119.0,13,1519354130.0,1
-1.32,120.31,10,1519355335.0,2
-3.05,130.77,10,1519357353.0,3
-8.94,116.13,71,1519361630.0,1
-3.3,130.53,32,1519362384.0,1
-9.82,125.0,12,1519363304.0,1
-8.05,117.26,10,1519363463.0,1
-8.99,112.8,29,1519367631.0,1
0.68,122.42,69,1519370849.0,1
-1.66,130.94,68,1519372063.0,1
1.56,122.31,10,1519372565.0,1
-4.76,139.4,48,1519372574.0,4
-5.41,103.35,34,1519375664.0,2
-8.16,123.27,10,1519376977.0,2
-0.23,100.29,151,1519398397.0,2
0.21,121.75,183,1519400299.0,1
-0.02,122.73,50,1519401045.0,1
1.96,99.03,10,1519405262.0,1
2.38,98.76,10,1519409832.0,4
-7.9,117.8,19,1519410782.0,1
-7.1,113.25,15,1519411121.0,1
-8.39,123.12,10,1519411526.0,1
0.27,122.84,19,1519412971.0,1
-0.58,121.28,22,1519415645.0,1
-3.56,128.38,99,1519418226.0,2
-8.92,116.84,10,1519419063.0,1
-7.76,127.76,105,1519419673.0,3
-6.59,108.56,10,1519420735.0,1
-7.24,129.41,62,1519421111.0,3
-10.1,119.01,35,1519422444.0,1
-1.4,120.48,10,1519422964.0,2
-3.05,86.41,10,1519429874.0,5
2.03,98.91,10,1519441354.0,5
1.94,99.07,11,1519442384.0,1
2.04,99.02,10,1519443468.0,1
1.94,99.29,13,1519444199.0,1
-9.13,119.21,18,1519447730.0,2
0.0,120.51,74,1519449918.0,2
-6.93,130.07,171,1519450785.0,3
0.53,122.19,109,1519454746.0,1
1.26,122.02,32,1519455225.0,1
-0.37,123.06,61,1519457006.0,1
-11.2,109.22,10,1519457133.0,3
-3.57,128.97,88,1519460135.0,3
-3.1,127.48,10,1519467912.0,2
-3.13,130.73,16,1519482339.0,4
-0.3,122.09,13,1519499791.0,1
-3.06,130.59,10,1519501073.0,1
4.77,96.19,10,1519503595.0,1
-3.29,101.62,36,1519504029.0,3
3.15,128.04,24,1519508573.0,3
-3.43,127.59,10,1519508930.0,1
-8.98,112.79,29,1519511416.0,1
-2.77,102.22,176,1519513223.0,3
-1.14,126.86,12,1519515654.0,3
1.02,122.67,40,1519517182.0,1
-9.33,117.9,25,1519520666.0,1
2.05,99.09,10,1519522041.0,1
-9.83,118.65,16,1519523519.0,1
-7.94,107.09,32,1519523908.0,1
2.06,98.96,10,1519524694.0,1
-6.64,129.92,176,1519527145.0,4
-7.39,107.08,128,1519530270.0,1
2.02,99.04,10,1519530576.0,2
2.0,99.07,10,1519531855.0,1
0.27,121.07,138,1519533288.0,1
2.03,98.98,10,1519534058.0,2
1.96,99.2,10,1519534408.0,1
-0.42,99.24,79,1519543399.0,3
-6.79,130.67,115,1519543596.0,3
-9.13,112.73,10,1519552100.0,2
-9.06,112.77,62,1519552102.0,2
2.56,96.02,30,1519556861.0,5
-7.02,129.61,140,1519561325.0,4
-0.05,119.96,10,1519561766.0,1
0.3,122.68,34,1519564354.0,1
-0.68,100.17,85,1519572730.0,2
-7.87,106.28,10,1519572922.0,2
-7.27,129.44,175,1519579470.0,3
0.32,122.15,16,1519580137.0,1
-6.11,103.01,14,1519586003.0,2
-9.05,124.13,10,1519592573.0,1
-10.37,138.31,13,1519594665.0,5
-0.06,121.83,174,1519595841.0,2
-11.05,123.03,10,1519597444.0,3
2.83,128.6,91,1519597560.0,3
-9.51,116.11,25,1519604071.0,1
-7.86,106.54,10,1519611441.0,1
-7.41,106.0,10,1519613851.0,4
0.71,124.68,10,1519617482.0,1
-2.72,126.79,28,1519626895.0,5
-2.76,126.71,14,1519628150.0,2
-2.68,126.62,10,1519637904.0,1
-2.65,126.6,30,1519638935.0,1
-2.71,126.56,10,1519639437.0,1
-9.25,124.98,13,1519639679.0,1
-3.0,126.29,41,1519644056.0,2
-3.75,101.69,27,1519671667.0,1
-9.49,116.08,10,1519674469.0,1
-6.73,106.67,14,1519676102.0,1
-6.43,106.35,10,1519676121.0,1
-2.61,126.74,10,1519680494.0,2
-8.2,115.17,10,1519684416.0,1
1.88,125.63,100,1519689434.0,2
-6.17,105.39,140,1519697278.0,2
-2.71,126.82,28,1519698042.0,4
3.02,128.3,212,1519700525.0,3
-2.71,127.32,10,1519700927.0,1
1.45,121.76,17,1519701230.0,1
-3.11,130.72,10,1519704124.0,1
-7.78,123.94,271,1519705271.0,1
-3.13,130.74,12,1519719542.0,1
2.05,99.01,10,1519738932.0,1
-7.11,106.97,10,1519739760.0,1
-7.2,106.9,10,1519740392.0,1
-7.03,105.17,10,1519744341.0,2
1.73,125.31,158,1519745225.0,1
0.89,122.16,24,1519746703.0,3
0.26,100.26,170,1519749911.0,3
-7.16,106.09,18,1519754479.0,1
-3.27,103.01,156,1519754900.0,1
-3.07,127.99,12,1519762824.0,1
-6.02,128.81,322,1519768398.0,4
-6.85,107.69,37,1519768608.0,1
-3.13,130.75,12,1519772394.0,1
-6.95,129.71,155,1519773314.0,4
-7.33,106.19,16,1519775333.0,1
2.57,127.12,10,1519775334.0,4
1.87,127.09,11,1519777657.0,3
1.91,122.3,10,1519779662.0,3
-7.47,107.21,111,1519780422.0,1
-10.38,119.63,48,1519783830.0,1
0.26,122.43,132,1519793321.0,1
-2.72,126.73,10,1519796803.0,2
-7.13,132.04,98,1519797380.0,4
1.12,121.76,10,1519798466.0,1
-9.33,114.09,10,1519803198.0,1
0.71,122.52,10,1519804260.0,1
-5.39,102.56,56,1519804384.0,1
1.42,122.57,10,1519804457.0,3
1.32,122.49,12,1519804459.0,2
-2.7,126.75,20,1519804913.0,2
-7.58,120.19,366,1519805103.0,1
-1.5,120.18,10,1519807993.0,4
-1.46,119.98,10,1519808921.0,1
-1.46,120.04,10,1519809437.0,3
-3.47,132.62,34,1519810279.0,2
-1.44,119.96,31,1519811410.0,1
-4.8,131.2,10,1519812953.0,4
-11.26,117.73,77,1519815244.0,2
-6.17,129.79,169,1519818280.0,4
-7.4,106.5,61,1519820126.0,1
1.47,120.97,19,1519821860.0,1
-5.1,129.9,211,1519822314.0,3
-9.77,117.93,19,1519825926.0,1
0.0,122.96,10,1519826831.0,1
-7.16,107.46,10,1519829282.0,1
-8.23,115.47,10,1519831349.0,1
-0.41,119.63,18,1519831994.0,2
-8.23,115.53,10,1519832657.0,1
-8.11,119.28,20,1519833472.0,1
-4.19,102.54,52,1519833511.0,1
-0.29,124.45,79,1519834580.0,1
-8.78,122.0,22,1519835595.0,1
-1.03,121.2,10,1517439169.0,1
-4.64,125.43,488,1517440840.0,3
-4.61,125.38,486,1517440840.0,3
0.19,97.59,15,1517447141.0,1
-0.31,125.35,10,1517452735.0,3
-1.29,120.49,10,1517479262.0,2
-3.22,130.52,10,1517479565.0,1
-7.8,106.46,14,1517485627.0,3
3.39,126.01,51,1517486784.0,2
-0.19,124.61,10,1517491226.0,1
-8.29,116.73,13,1517497360.0,3
-6.53,128.63,319,1517498887.0,4
-0.16,125.2,58,1517505642.0,5
-0.24,125.21,26,1517507274.0,2
0.86,126.36,10,1517518535.0,2
-5.25,133.96,27,1517525013.0,5
-7.95,115.84,21,1517525953.0,4
-8.99,123.38,97,1517527352.0,2
-6.27,130.44,184,1517532176.0,4
0.08,124.4,28,1517534067.0,1
-0.84,131.06,10,1517551085.0,1
-9.62,117.38,19,1517551208.0,2
0.99,126.12,12,1517554761.0,2
-2.28,125.92,10,1517556782.0,1
-8.09,106.03,10,1517557382.0,1
-7.63,128.44,171,1517559101.0,3
-2.66,127.2,24,1517559898.0,1
-8.36,115.97,10,1517559976.0,1
1.04,118.86,13,1517560912.0,1
-0.43,122.97,13,1517565476.0,1
-1.22,126.97,10,1517566039.0,2
5.32,96.18,10,1517568178.0,2
-1.58,130.73,10,1517569344.0,1
-10.26,117.51,10,1517571502.0,2
-9.35,114.01,13,1517573462.0,1
-0.65,131.16,17,1517574677.0,1
-1.31,120.54,10,1517575914.0,2
-7.6,128.71,126,1517585154.0,4
-2.71,127.82,10,1517593238.0,1
-11.34,117.59,22,1517594335.0,2
-7.07,106.46,35,1517595133.0,1
0.33,120.65,16,1517602811.0,1
-7.59,121.21,424,1517602907.0,2
-3.14,99.33,33,1517606758.0,2
-6.92,129.63,166,1517606968.0,4
-6.17,119.67,10,1517607881.0,4
-2.71,128.92,18,1517613256.0,2
-9.31,112.86,29,1517623765.0,1
-0.51,124.49,10,1517625398.0,2
1.22,126.13,12,1517628005.0,2
-7.69,127.78,146,1517639821.0,4
-6.37,130.49,248,1517642453.0,4
2.13,96.38,12,1517644446.0,2
-0.05,99.26,10,1517651320.0,1
0.58,121.75,76,1517655337.0,1
-0.8,131.04,10,1517655709.0,1
1.02,126.34,21,1517656331.0,1
-9.26,124.8,11,1517664848.0,1
-7.19,106.19,39,1517664996.0,1
-7.26,105.95,10,1517665758.0,4
1.23,98.97,88,1517673044.0,3
1.08,97.55,19,1517673622.0,1
-1.27,99.68,40,1517675033.0,4
-0.75,131.26,10,1517676314.0,1
-0.24,122.54,10,1517680019.0,1
-1.77,130.49,10,1517692115.0,1
-7.87,107.36,21,1517693382.0,1
-8.47,117.31,105,1517693393.0,1
-7.71,127.69,137,1517695217.0,3
1.86,122.35,109,1517696205.0,1
-6.29,103.59,22,1517696473.0,2
-7.81,120.49,54,1517700861.0,1
-4.19,133.65,10,1517700964.0,3
-2.01,126.77,10,1517704646.0,2
-8.3,123.1,233,1517708804.0,2
-8.87,112.58,69,1517714171.0,1
0.82,122.74,14,1517715881.0,1
-7.99,108.61,87,1517719387.0,1
-0.95,130.62,14,1517722762.0,1
1.5,98.93,93,1517726025.0,1
-3.95,102.44,10,1517727147.0,1
-0.74,131.18,10,1517727318.0,1
-7.16,107.33,105,1517729969.0,1
-0.4,123.01,60,1517731219.0,1
-10.77,112.19,10,1517731618.0,2
-8.89,118.86,27,1517732354.0,1
-8.66,109.94,13,1517733031.0,1
-0.6,122.49,12,1517733450.0,2
-8.45,108.43,19,1517734433.0,1
1.85,121.96,10,1517734680.0,1
-0.77,99.47,10,1517735696.0,1
-7.8,118.81,22,1517738986.0,1
0.74,97.74,10,1517739100.0,1
1.6,127.27,111,1517739824.0,2
0.84,121.59,36,1517742182.0,1
1.01,120.47,10,1517743568.0,1
-1.05,100.17,61,1517746133.0,1
2.15,97.88,52,1517747146.0,1
-9.14,122.11,86,1517747331.0,1
-9.09,122.49,136,1517748905.0,5
0.68,124.26,25,1517750734.0,1
-2.27,126.83,25,1517755194.0,1
-6.06,122.75,10,1517764333.0,2
-4.25,102.41,37,1517769102.0,3
-2.17,101.76,157,1517770605.0,2
-3.98,130.08,27,1517777996.0,2
-5.19,129.98,224,1517779488.0,3
-8.1,123.99,176,1517782532.0,1
-7.29,106.88,10,1517788339.0,1
-7.12,106.15,30,1517788577.0,1
1.1,99.01,110,1517789839.0,2
-8.43,119.58,153,1517790933.0,1
-9.03,124.01,110,1517791529.0,1
-4.91,103.04,51,1517792773.0,2
-5.81,103.77,10,1517797268.0,1
-5.26,106.07,280,1517798189.0,3
1.29,121.37,13,1517811917.0,1
3.4,96.08,10,1517814612.0,2
0.95,121.39,10,1517815391.0,1
-6.12,119.76,10,1517815933.0,1
-7.22,107.72,12,1517818851.0,1
-3.81,129.61,54,1517832658.0,1
0.84,122.52,36,1517832999.0,1
-11.36,118.59,10,1517837644.0,2
-8.5,118.86,10,1517838723.0,1
-1.17,126.86,10,1517850526.0,2
0.13,122.22,125,1517853801.0,3
-7.55,128.46,145,1517854146.0,4
2.97,127.46,22,1517854495.0,3
-2.97,119.61,10,1517854845.0,1
-2.65,119.35,10,1517867199.0,1
-6.44,105.79,127,1517868008.0,1
-4.01,118.93,25,1517869341.0,2
-7.47,128.48,147,1517869988.0,4
-9.42,120.25,70,1517870034.0,1
0.59,126.14,10,1517876205.0,3
4.5,95.14,10,1517878393.0,3
1.45,123.06,10,1517884467.0,2
1.89,126.67,30,1517886525.0,3
1.03,121.9,10,1517888811.0,1
-8.14,106.86,10,1517889862.0,1
-11.47,114.24,88,1517900815.0,2
-8.66,117.9,10,1517902027.0,1
-8.67,117.93,10,1517902155.0,1
-0.6,122.41,10,1517904458.0,1
0.69,122.2,58,1517915356.0,1
0.47,126.59,10,1517917929.0,1
-0.68,131.49,26,1517918861.0,1
-0.21,125.64,10,1517918904.0,1
-0.23,125.63,10,1517921914.0,2
-2.8,102.32,174,1517922029.0,2
0.74,98.39,10,1517925194.0,1
-5.27,104.59,78,1517927057.0,1
-1.34,120.45,20,1517927252.0,2
-1.04,100.54,86,1517927606.0,1
-7.81,119.01,47,1517928247.0,1
-6.26,130.58,10,1517930376.0,3
0.65,121.74,75,1517931172.0,1
-8.68,116.93,150,1517951943.0,4
-0.57,131.26,10,1517979463.0,2
-7.44,128.19,211,1518007022.0,3
1.46,126.95,103,1518009778.0,4
-10.22,118.76,13,1518017320.0,4
-8.14,120.06,177,1518018888.0,2
-7.59,106.68,23,1518021782.0,2
-3.11,127.5,14,1518028407.0,3
-9.94,118.76,20,1518043791.0,1
-9.26,113.71,10,1518053500.0,2
-8.88,112.5,38,1518055849.0,1
-8.6,118.25,157,1518056446.0,1
4.68,96.23,10,1518058368.0,5
-9.21,119.01,27,1518058544.0,2
-0.77,98.55,12,1518059487.0,2
-8.31,110.33,75,1518064906.0,1
-1.01,99.78,91,1518069234.0,1
-9.98,118.84,20,1518080498.0,2
-2.32,121.48,10,1518081330.0,1
-0.25,124.55,29,1518089294.0,1
-3.25,127.95,44,1518089392.0,1
-5.79,105.57,19,1518090144.0,1
0.78,126.33,18,1518095649.0,2
-8.43,117.87,10,1518096502.0,1
-10.1,118.88,16,1518098131.0,1
-8.63,123.36,122,1518099126.0,2
-6.27,103.77,10,1518100361.0,1
-8.79,124.01,10,1518104700.0,1
-8.45,105.24,35,1518105725.0,2
-10.06,118.8,18,1518107987.0,1
-2.95,127.49,10,1518117753.0,3
1.69,95.34,70,1518120151.0,3
-0.09,123.73,96,1518122083.0,2
-3.03,127.63,22,1518123732.0,2
-7.77,117.2,17,1518123945.0,1
-2.93,100.75,38,1518124435.0,3
-7.75,117.25,17,1518124741.0,3
-3.91,130.44,126,1518131237.0,2
-0.26,123.76,112,1518132356.0,2
-8.93,113.68,14,1518135421.0,3
-2.44,121.41,10,1518143072.0,3
-2.61,126.76,10,1518148453.0,1
-6.04,104.61,67,1518148834.0,2
-0.19,123.43,137,1518151687.0,2
-1.71,99.33,78,1518155648.0,3
-2.89,127.33,70,1518157249.0,2
-9.11,123.85,72,1518158376.0,1
-10.37,124.61,24,1518161125.0,2
-7.57,128.37,114,1518168077.0,2
-8.77,111.81,43,1518169651.0,2
-9.49,124.08,55,1518170382.0,1
-6.82,125.12,530,1518177299.0,3
-2.63,105.01,10,1518179870.0,3
1.24,125.08,41,1518179978.0,1
-1.26,120.76,10,1518180330.0,1
-5.43,103.66,39,1518181003.0,2
-5.98,104.13,10,1518181722.0,2
-7.58,128.23,151,1518182264.0,4
-9.45,122.81,26,1518183250.0,1
-8.1,107.47,10,1518184869.0,1
-10.11,124.46,10,1518185257.0,1
0.84,124.18,255,1518185490.0,1
0.96,126.05,10,1518186131.0,2
-0.98,123.95,48,1518186464.0,1
-6.85,110.48,10,1518187104.0,1
-9.13,117.15,92,1518197479.0,5
-7.47,106.35,26,1518213406.0,2
-2.44,100.44,48,1518220928.0,1
-0.77,131.13,10,1518234019.0,1
-8.92,110.36,10,1518242545.0,2
-0.06,97.36,10,1518247116.0,1
0.93,126.85,15,1518247945.0,3
-1.69,132.61,10,1518250544.0,1
4.46,123.21,546,1518264082.0,3
-7.17,105.96,29,1518284179.0,2
-9.51,124.12,72,1518284298.0,2
-8.73,111.6,17,1518285939.0,2
-8.12,118.54,189,1518290376.0,1
-7.16,106.06,32,1518298558.0,1
-6.76,108.5,265,1518306532.0,4
-0.13,123.0,146,1518307060.0,2
2.13,128.38,78,1518307524.0,5
-10.0,118.81,10,1518314567.0,1
-8.4,116.64,285,1518315623.0,2
-8.3,120.28,189,1518329934.0,2
-2.44,120.96,10,1518334726.0,1
-0.55,121.82,10,1518336069.0,1
-0.14,123.33,114,1518339074.0,3
-5.08,102.38,18,1518340126.0,1
-9.61,118.26,20,1518345212.0,1
-8.91,114.59,52,1518347786.0,1
-0.56,121.89,12,1518349721.0,1
-9.62,113.9,25,1518351270.0,1
1.52,126.56,10,1518351632.0,2
2.87,126.61,45,1518353869.0,3
-2.64,126.04,10,1518354326.0,2
-8.5,108.66,62,1518371090.0,1
-8.3,117.97,158,1518372631.0,1
-8.41,119.7,171,1518377236.0,4
-9.13,107.55,10,1518380144.0,1
0.02,122.03,218,1518380969.0,1
-4.48,130.96,14,1518386370.0,3
-2.32,101.21,74,1518387364.0,2
-9.95,107.12,10,1518388381.0,2
-7.03,106.17,11,1518389362.0,1
2.89,97.51,17,1518390708.0,1
-3.53,127.38,29,1518398472.0,2
-9.51,115.12,21,1518403095.0,1
-9.29,106.8,10,1518403756.0,3
-2.14,100.62,60,1518404213.0,4
-8.26,117.96,170,1518406323.0,2
-0.08,125.03,13,1518417771.0,2
-5.99,102.61,44,1518424699.0,4
1.23,121.4,10,1518427906.0,1
-0.53,121.85,10,1518430776.0,1
4.7,96.3,13,1518431358.0,1
-0.09,123.19,150,1518432207.0,1
-9.12,110.31,11,1518432741.0,3
0.63,125.12,54,1518433051.0,1
-2.85,121.56,10,1518436394.0,1
0.46,122.08,169,1518436484.0,1
-4.86,101.05,49,1518437741.0,3
0.54,126.45,24,1518438088.0,1
-0.68,131.12,10,1518438228.0,1
-9.06,113.73,30,1518438230.0,1
-7.23,108.42,11,1518441447.0,1
-5.33,102.64,14,1518444832.0,1
-0.05,123.39,131,1518447281.0,1
-3.2,131.2,18,1518450162.0,1
-0.12,122.97,137,1518453570.0,1
2.98,124.43,319,1518455055.0,3
-8.95,117.22,124,1518455878.0,1
-9.48,126.29,73,1518457856.0,4
-9.74,116.89,10,1518457936.0,2
3.0,125.76,177,1518464066.0,4
-9.01,112.83,22,1518465322.0,2
0.45,126.22,10,1518468956.0,1
1.11,120.39,10,1518474801.0,1
1.79,127.19,27,1518474899.0,4
-7.38,123.37,526,1518475492.0,3
0.63,123.86,251,1518480617.0,3
-0.76,99.45,12,1518481300.0,2
4.22,126.85,10,1518494433.0,4
-9.38,118.1,39,1518495498.0,2
-2.79,120.93,36,1518501969.0,1
-6.28,130.45,133,1518502484.0,4
-1.77,121.12,10,1518502560.0,1
-9.03,122.48,72,1518506951.0,1
2.52,126.9,10,1518508267.0,3
-9.65,119.73,58,1518513602.0,1
-7.63,128.33,223,1518520585.0,3
-6.12,105.68,174,1518532004.0,4
-8.34,108.12,24,1518539521.0,2
-6.02,133.72,26,1518541531.0,5
0.28,96.82,48,1518559778.0,2
-0.12,97.31,14,1518561963.0,4
-7.18,106.88,10,1518566304.0,2
-9.05,119.03,35,1518570219.0,1
4.76,96.17,10,1518571589.0,1
-8.86,119.02,113,1518573926.0,1
-0.08,123.58,124,1518575326.0,1
-9.57,119.47,53,1518576698.0,1
-7.28,123.46,556,1518578345.0,3
-7.52,128.14,155,1518579729.0,4
-8.27,114.84,10,1518588263.0,1
-8.37,122.8,11,1518594816.0,1
-10.18,105.17,10,1518595556.0,2
0.36,126.53,15,1518596172.0,2
-6.34,103.67,10,1518612837.0,2
1.83,124.44,297,1518612919.0,1
-7.25,106.06,33,1518613859.0,2
-4.8,102.91,190,1518614450.0,2
3.71,96.59,33,1518614892.0,4
-1.3,120.55,10,1518618534.0,4
-8.62,125.43,10,1518622146.0,3
-1.29,120.46,10,1518622431.0,4
-1.76,100.44,55,1518629753.0,2
-7.05,106.48,129,1518649182.0,2
-9.99,119.27,18,1518682822.0,2
-9.39,114.86,42,1518684137.0,1
0.83,121.34,31,1518684713.0,1
0.37,122.07,120,1518687108.0,1
1.77,122.34,10,1518694516.0,2
-5.11,102.88,50,1518702113.0,4
-9.71,118.68,46,1518716282.0,1
-0.64,131.21,10,1518717624.0,1
-7.81,105.93,10,1518718451.0,2
-9.3,115.43,55,1518723433.0,4
-6.78,128.08,384,1518725836.0,4
-7.29,106.25,10,1518726084.0,1
-7.76,106.0,10,1518731778.0,3
-7.72,105.95,30,1518732784.0,4
-7.55,106.14,10,1518733631.0,1
-3.33,128.56,10,1518740936.0,2
-4.04,129.53,44,1518745221.0,5
-0.52,123.65,11,1518747399.0,1
-5.56,131.05,123,1518749349.0,3
-7.72,106.32,64,1518749692.0,2
-3.32,128.57,10,1518750033.0,2
-4.04,129.5,11,1518750431.0,4
-7.84,106.48,46,1518762489.0,5
-7.52,106.02,27,1518770398.0,1
-4.1,103.1,10,1518772439.0,2
-7.76,105.88,41,1518774763.0,4
-7.75,105.93,30,1518775440.0,2
-8.77,118.75,102,1518779852.0,2
-9.83,119.44,18,1518783123.0,3
0.48,121.66,67,1518783165.0,1
-5.36,119.77,29,1518795190.0,1
-8.92,117.71,10,1518795943.0,2
-0.26,121.95,21,1518797651.0,1
-9.63,117.7,79,1518802106.0,4
-7.66,128.08,124,1518807341.0,4
0.42,121.64,90,1518813794.0,2
3.43,126.84,55,1518820258.0,4
-0.58,133.82,59,1518831132.0,4
1.18,121.0,12,1518839176.0,1
-1.28,120.47,10,1518849900.0,2
4.13,95.54,18,1518850073.0,2
-1.29,120.58,10,1518858669.0,2
-6.01,105.46,10,1518859049.0,2
-5.98,105.45,10,1518859215.0,1
-4.54,102.61,26,1518859400.0,2
-6.23,133.22,47,1518860024.0,3
-8.89,111.48,29,1518864896.0,2
-9.15,111.73,26,1518865776.0,1
0.33,123.38,199,1518867374.0,1
-8.97,110.95,53,1518868588.0,4
-5.89,102.87,48,1518871937.0,4
-2.27,122.45,10,1518878440.0,3
-7.22,105.85,42,1518881102.0,3
-7.25,107.71,10,1518881620.0,1
-6.42,130.91,102,1518891730.0,4
-6.19,127.25,454,1518893290.0,4
-0.46,124.06,13,1518893955.0,2
0.63,122.19,82,1518897460.0,3
-3.46,101.72,30,1518900317.0,2
-9.07,118.38,59,1518902241.0,2
-7.57,106.72,29,1518903614.0,3
-4.91,130.49,130,1518904042.0,5
-6.03,100.89,10,1518912283.0,5
-6.87,105.44,10,1518914854.0,3
0.3,122.34,86,1518915539.0,3
-9.49,117.29,21,1518921089.0,3
-8.45,119.75,177,1518943389.0,3
-7.17,106.06,26,1518946539.0,1
-0.27,122.95,66,1518947084.0,3
-8.36,111.43,105,1518953848.0,2
-7.04,107.01,10,1518954272.0,1
-8.91,110.95,10,1518957363.0,2
-7.81,106.04,28,1518958009.0,1
-3.94,129.54,10,1518964734.0,1
-9.49,111.91,10,1518966317.0,2
-7.85,107.83,10,1518967282.0,1
-3.78,101.69,29,1518968116.0,1
-7.86,107.04,30,1518977263.0,1
3.17,98.32,10,1518980044.0,2
-6.86,108.01,10,1518988742.0,1
-7.96,117.36,10,1518993953.0,2
-9.12,116.32,56,1518995919.0,1
0.02,122.34,143,1519002562.0,1
-7.99,123.7,186,1519003860.0,2
-0.34,122.98,19,1519005362.0,1
-4.75,132.39,64,1519011517.0,5
3.18,128.1,140,1519016693.0,4
-7.16,106.1,32,1519021326.0,2
2.25,128.37,228,1519024914.0,3
1.77,124.3,296,1519028609.0,1
-8.36,118.62,199,1519029150.0,2
4.48,127.02,280,1519029736.0,3
-1.85,100.4,29,1519031048.0,3
-8.26,118.83,113,1519032663.0,1
-3.1,130.55,10,1519033680.0,2
-9.22,119.71,11,1519045401.0,2
-0.12,123.77,115,1519046809.0,2
-7.52,127.81,110,1519047129.0,3
-7.89,106.5,10,1519047393.0,2
0.81,99.95,178,1519070959.0,4
2.58,133.04,18,1519081022.0,4
2.7,133.22,41,1519081103.0,4
-9.01,115.67,82,1519084779.0,2
-8.95,112.75,30,1519089788.0,2
-8.34,124.72,50,1519090578.0,1
-0.02,122.82,142,1519091433.0,1
-4.5,103.75,166,1519092040.0,2
1.48,124.39,222,1519093767.0,5
-8.29,125.01,35,1519097841.0,1
-8.41,124.51,50,1519097998.0,1
-1.32,127.18,10,1519109103.0,1
1.16,99.49,10,1519112327.0,1
-5.66,103.4,10,1519112403.0,2
-8.64,108.1,20,1519114695.0,1
1.37,126.25,10,1519117967.0,1
2.07,126.47,10,1519124764.0,1
-3.21,127.38,31,1519125642.0,1
-0.28,123.05,10,1519127424.0,4
-5.45,103.72,21,1519133277.0,1
-8.06,106.75,13,1519135876.0,1
-7.15,125.36,543,1519140111.0,3
1.0,98.77,80,1519144849.0,4
-7.84,112.55,10,1519145131.0,1
-0.71,127.2,60,1519146252.0,5
-1.29,130.86,20,1519147193.0,1
-10.49,120.35,17,1519147988.0,3
-10.52,120.4,15,1519148468.0,2
-10.5,115.59,34,1519152282.0,4
-5.26,131.66,28,1519157089.0,3
-8.9,116.9,10,1519160722.0,1
-3.61,139.51,55,1519161233.0,3
-0.07,124.2,20,1519166029.0,1
1.12,126.77,21,1519167172.0,2
2.36,98.94,135,1519170651.0,2
-10.2,119.04,19,1519171874.0,1
2.33,98.95,132,1519175799.0,1
-8.23,125.46,10,1519180110.0,2
-0.1,123.2,135,1519180809.0,1
-2.85,120.01,23,1519187814.0,1
-6.77,105.43,18,1519189193.0,2
-8.74,118.96,104,1519195777.0,1
-7.25,129.48,194,1519199586.0,3
-8.53,108.32,52,1519210119.0,1
-6.82,130.16,157,1519211160.0,3
-3.44,129.83,13,1519212629.0,1
-2.51,128.69,22,1519213826.0,2
-8.97,112.79,12,1519213919.0,1
-6.81,129.49,196,1519214211.0,3
-5.43,103.56,35,1519216246.0,4
4.95,95.94,10,1519218793.0,2
4.49,96.27,11,1519220378.0,1
-4.06,130.32,93,1519221076.0,1
-7.63,128.34,199,1519221368.0,4
-8.64,119.69,159,1519221804.0,1
-5.66,103.57,52,1519222229.0,1
-9.32,125.56,10,1519223252.0,1
-0.07,123.46,141,1519227394.0,1
2.61,122.3,555,1519228440.0,2
1.04,121.76,31,1519229490.0,1
-8.81,111.02,10,1519229581.0,1
-7.93,107.88,28,1519231529.0,1
-9.46,117.9,24,1519231558.0,1
-2.86,100.37,38,1519244732.0,4
-9.08,111.23,12,1519246463.0,1
-4.28,126.35,339,1519248288.0,3
-0.05,126.95,98,1519250600.0,3
-8.89,118.11,16,1519251921.0,1
-7.05,105.26,10,1519252821.0,1
-3.17,130.75,24,1519258769.0,5
-3.18,130.77,17,1519258901.0,5
-3.11,130.69,10,1519259510.0,1
-3.2,130.68,10,1519260843.0,2
-8.57,118.44,18,1519261145.0,1
-3.11,130.73,13,1519261887.0,1
-9.16,111.22,10,1519269579.0,3
-9.71,119.93,44,1519270002.0,1
-3.16,130.73,10,1519271078.0,1
-3.0,128.21,10,1519272310.0,1
0.67,122.62,32,1519279968.0,1
-5.01,131.35,80,1519291445.0,4
1.94,126.36,10,1519294429.0,2
0.31,121.79,179,1519294725.0,1
0.73,121.92,77,1519296103.0,1
-8.13,107.67,26,1519335971.0,1
-5.37,129.72,193,1519345238.0,4
0.13,98.01,44,1519347333.0,1
-0.19,122.88,13,1519351148.0,1
-10.49,115.98,50,1519351635.0,1
1.38,126.73,19,1519352329.0,1
-8.7,115.53,97,1519353133.0,2
-8.27,119.0,13,1519354130.0,1
-1.32,120.31,10,1519355335.0,2
-3.05,130.77,10,1519357353.0,3
-8.94,116.13,71,1519361630.0,1
-3.3,130.53,32,1519362384.0,1
-9.82,125.0,12,1519363304.0,1
-8.05,117.26,10,1519363463.0,1
-8.99,112.8,29,1519367631.0,1
0.68,122.42,69,1519370849.0,1
-1.66,130.94,68,1519372063.0,1
1.56,122.31,10,1519372565.0,1
-4.76,139.4,48,1519372574.0,4
-5.41,103.35,34,1519375664.0,2
-8.16,123.27,10,1519376977.0,2
